SELECT     CODIGO, COD_PEDIDO, COD_PRODUTO, PRECO, QUANTIDADE, DATA, TIPO_VENDA, item, Desconto, Subtotal, Total, cancelado, SUBTOTAL_CUSTO, Custo
FROM        pedidos_itens

Dados:
1	62	2	15,00	1,000	2025-10-18 00:00:00.000	VENDA	1	0,00	15,00	15,00	False	0,00	9,97
2	63	2	15,00	1,000	2025-10-18 00:00:00.000	VENDA	1	0,00	15,00	15,00	False	0,00	9,97
3	63	3	60,00	1,000	2025-10-18 00:00:00.000	VENDA	2	0,00	60,00	60,00	False	0,00	33,18
4	65	32	25,00	6,000	2025-10-21 00:00:00.000	ORÇAMENTO	1	0,00	150,00	150,00	False	0,00	17,26
5	65	31	1280,00	1,000	2025-10-21 00:00:00.000	ORÇAMENTO	2	0,00	1280,00	1280,00	False	0,00	711,11
6	65	30	172,90	1,000	2025-10-21 00:00:00.000	ORÇAMENTO	3	0,00	172,90	172,90	False	0,00	123,50
7	66	31	1280,00	1,000	2025-10-21 00:00:00.000	VENDA	1	0,00	1280,00	1280,00	False	0,00	711,11
8	66	30	172,90	1,000	2025-10-21 00:00:00.000	VENDA	2	0,00	172,90	172,90	False	0,00	123,50
9	66	32	25,00	6,000	2025-10-21 00:00:00.000	VENDA	3	0,00	150,00	150,00	False	0,00	17,26
10	70	65	40,00	1,000	2025-10-24 00:00:00.000	VENDA	1	0,00	40,00	40,00	False	0,00	20,16
11	70	63	22,00	1,000	2025-10-24 00:00:00.000	VENDA	2	0,00	22,00	22,00	False	0,00	11,45
12	70	64	90,00	1,000	2025-10-24 00:00:00.000	VENDA	3	0,00	90,00	90,00	False	0,00	49,41
13	70	62	185,00	1,000	2025-10-24 00:00:00.000	VENDA	4	0,00	185,00	185,00	False	0,00	102,05
14	70	60	55,00	7,000	2025-10-24 00:00:00.000	VENDA	5	0,00	385,00	385,00	False	0,00	35,53
15	70	61	75,00	1,000	2025-10-24 00:00:00.000	VENDA	6	0,00	75,00	75,00	False	0,00	37,98
2146	654	728	300,00	2,000	2026-04-06 00:00:00.000	OFICINA	3	0,00	600,00	600,00	False	298,14	149,07
2148	651	245	10,00	3,000	2026-04-07 00:00:00.000	OFICINA	14	0,00	30,00	30,00	False	12,27	4,09
2149	651	228	30,00	1,000	2026-04-07 00:00:00.000	OFICINA	15	0,00	30,00	30,00	False	17,69	17,69
19	75	32	25,00	2,000	2025-10-25 00:00:00.000	VENDA	1	0,00	50,00	50,00	False	0,00	17,26
20	75	71	80,00	1,000	2025-10-25 00:00:00.000	VENDA	2	0,00	80,00	80,00	False	0,00	58,51
21	75	73	100,00	1,000	2025-10-25 00:00:00.000	VENDA	3	0,00	100,00	100,00	False	0,00	50,11
22	77	71	80,00	1,000	2025-10-27 00:00:00.000	VENDA	1	0,00	80,00	80,00	False	0,00	58,51
23	77	73	100,00	1,000	2025-10-27 00:00:00.000	VENDA	2	0,00	100,00	100,00	False	0,00	50,11
24	77	70	65,00	1,000	2025-10-27 00:00:00.000	VENDA	3	0,00	65,00	65,00	False	0,00	34,42
25	77	66	200,00	1,000	2025-10-27 00:00:00.000	VENDA	4	0,00	200,00	200,00	False	0,00	105,94
26	78	49	200,00	1,000	2025-10-27 00:00:00.000	VENDA	1	0,00	200,00	200,00	False	0,00	91,51
27	78	62	185,00	1,000	2025-10-27 00:00:00.000	VENDA	2	0,00	185,00	185,00	False	0,00	102,05
28	78	85	220,00	1,000	2025-10-27 00:00:00.000	VENDA	3	0,00	220,00	220,00	False	0,00	120,46
29	81	32	25,00	3,000	2025-10-28 00:00:00.000	VENDA	1	0,00	75,00	75,00	False	0,00	17,26
30	81	71	80,00	1,000	2025-10-28 00:00:00.000	VENDA	2	0,00	80,00	80,00	False	0,00	58,51
31	81	111	1020,00	1,000	2025-10-28 00:00:00.000	VENDA	3	0,00	1020,00	1020,00	False	0,00	556,42
32	81	113	90,00	1,000	2025-10-28 00:00:00.000	VENDA	4	0,00	90,00	90,00	False	0,00	50,00
33	81	112	600,00	1,000	2025-10-28 00:00:00.000	VENDA	5	0,00	600,00	600,00	False	0,00	331,30
34	81	114	55,00	1,000	2025-10-28 00:00:00.000	VENDA	6	0,00	55,00	55,00	False	0,00	31,29
2150	651	222	80,00	2,000	2026-04-07 00:00:00.000	OFICINA	16	0,00	160,00	160,00	False	86,92	43,46
2151	657	227	30,00	2,000	2026-04-07 00:00:00.000	OFICINA	1	0,00	60,00	60,00	False	42,16	21,08
2152	660	641	130,00	1,000	2026-04-07 00:00:00.000	OFICINA	1	0,00	130,00	130,00	False	74,52	74,52
2165	662	642	30,00	4,000	2026-04-08 00:00:00.000	OFICINA	1	0,00	120,00	120,00	False	77,36	19,34
2183	670	136	240,00	1,000	2026-04-09 00:00:00.000	OFICINA	1	0,00	240,00	240,00	False	158,03	158,03
2185	673	202	60,00	9,000	2026-04-10 00:00:00.000	OFICINA	1	0,00	540,00	540,00	False	335,16	37,24
2214	686	312	45,00	2,000	2026-04-13 00:00:00.000	OFICINA	1	0,00	90,00	90,00	False	49,52	24,76
2245	692	230	12,00	8,000	2026-04-15 00:00:00.000	OFICINA	1	0,00	96,00	96,00	False	53,20	6,65
2258	664	744	540,01	1,000	2026-04-16 00:00:00.000	OFICINA	5	0,00	540,01	540,01	False	299,16	299,16
2276	702	160	40,00	1,000	2026-04-17 00:00:00.000	OFICINA	1	0,00	40,00	40,00	False	27,62	27,62
2283	708	227	30,00	1,000	2026-04-20 00:00:00.000	OFICINA	1	0,00	30,00	30,00	False	21,08	21,08
2284	710	196	30,00	4,000	2026-04-20 00:00:00.000	OFICINA	1	0,00	120,00	120,00	False	62,16	15,54
2285	710	286	135,00	1,000	2026-04-20 00:00:00.000	OFICINA	2	0,00	135,00	135,00	False	65,06	65,06
2286	701	135	40,00	1,000	2026-04-21 00:00:00.000	OFICINA	1	0,00	40,00	40,00	False	24,62	24,62
2287	701	131	20,00	1,000	2026-04-21 00:00:00.000	OFICINA	2	0,00	20,00	20,00	False	12,27	12,27
2288	701	132	20,00	1,000	2026-04-21 00:00:00.000	OFICINA	3	0,00	20,00	20,00	False	9,07	9,07
2289	701	2	20,00	1,000	2026-04-21 00:00:00.000	OFICINA	4	0,00	20,00	20,00	False	8,83	8,83
2290	701	304	250,90	1,000	2026-04-21 00:00:00.000	OFICINA	5	0,00	250,90	250,90	False	138,98	138,98
2291	701	191	475,00	1,000	2026-04-21 00:00:00.000	OFICINA	6	0,00	475,00	475,00	False	260,50	260,50
2292	701	71	97,00	1,000	2026-04-21 00:00:00.000	OFICINA	7	0,00	97,00	97,00	False	60,13	60,13
2293	701	219	45,00	3,000	2026-04-21 00:00:00.000	OFICINA	8	0,00	135,00	135,00	False	88,83	29,61
2320	723	221	55,00	4,000	2026-04-23 00:00:00.000	OFICINA	1	0,00	220,00	220,00	False	122,88	30,72
2295	701	338	16,00	1,000	2026-04-21 00:00:00.000	OFICINA	10	0,00	16,00	16,00	False	8,85	8,85
2296	701	404	60,00	1,000	2026-04-21 00:00:00.000	OFICINA	11	0,00	60,00	60,00	False	9,86	9,86
2299	701	269	4,00	2,000	2026-04-21 00:00:00.000	OFICINA	14	0,00	8,00	8,00	False	4,44	2,22
2298	701	348	5,00	1,000	2026-04-21 00:00:00.000	OFICINA	13	0,00	5,00	5,00	False	2,99	2,99
2300	701	735	90,00	1,000	2026-04-21 00:00:00.000	OFICINA	15	0,00	90,00	90,00	False	46,19	46,19
2301	701	642	30,00	4,000	2026-04-21 00:00:00.000	OFICINA	16	0,00	120,00	120,00	False	77,36	19,34
2302	712	209	340,00	1,000	2026-04-21 00:00:00.000	OFICINA	1	0,00	340,00	340,00	False	172,46	172,46
64	91	145	500,00	1,000	2025-11-04 00:00:00.000	VENDA	1	0,00	500,00	500,00	False	0,00	259,09
65	91	126	125,00	1,000	2025-11-04 00:00:00.000	VENDA	2	0,00	125,00	125,00	False	0,00	67,61
66	91	147	40,00	2,000	2025-11-04 00:00:00.000	VENDA	3	0,00	80,00	80,00	False	0,00	25,57
67	92	32	25,00	5,000	2025-11-05 00:00:00.000	VENDA	1	0,00	125,00	125,00	False	0,00	17,26
68	92	143	320,00	2,000	2025-11-05 00:00:00.000	VENDA	2	0,00	640,00	640,00	False	0,00	176,99
69	92	25	159,00	1,000	2025-11-05 00:00:00.000	VENDA	3	0,00	159,00	159,00	False	0,00	88,14
70	92	64	90,00	1,000	2025-11-05 00:00:00.000	VENDA	4	0,00	90,00	90,00	False	0,00	49,41
71	92	63	22,00	1,000	2025-11-05 00:00:00.000	VENDA	5	0,00	22,00	22,00	False	0,00	11,45
72	92	61	75,00	1,000	2025-11-05 00:00:00.000	VENDA	6	0,00	75,00	75,00	False	0,00	37,98
73	92	62	185,00	1,000	2025-11-05 00:00:00.000	VENDA	7	0,00	185,00	185,00	False	0,00	102,05
74	92	133	22,00	1,000	2025-11-05 00:00:00.000	VENDA	8	0,00	22,00	22,00	False	0,00	12,39
75	92	60	55,00	7,000	2025-11-05 00:00:00.000	VENDA	9	0,00	385,00	385,00	False	0,00	35,53
76	92	85	220,00	1,000	2025-11-05 00:00:00.000	VENDA	10	0,00	220,00	220,00	False	0,00	120,46
77	92	137	110,00	2,000	2025-11-05 00:00:00.000	VENDA	11	0,00	220,00	220,00	False	0,00	59,96
78	93	25	159,00	1,000	2025-11-05 00:00:00.000	VENDA	1	0,00	159,00	159,00	False	0,00	88,14
79	93	64	90,00	1,000	2025-11-05 00:00:00.000	VENDA	2	0,00	90,00	90,00	False	0,00	49,41
80	93	63	22,00	1,000	2025-11-05 00:00:00.000	VENDA	3	0,00	22,00	22,00	False	0,00	11,45
81	93	62	185,00	1,000	2025-11-05 00:00:00.000	VENDA	4	0,00	185,00	185,00	False	0,00	102,05
82	93	61	75,00	1,000	2025-11-05 00:00:00.000	VENDA	5	0,00	75,00	75,00	False	0,00	37,98
83	93	133	22,00	1,000	2025-11-05 00:00:00.000	VENDA	6	0,00	22,00	22,00	False	0,00	12,39
84	93	134	75,00	4,000	2025-11-05 00:00:00.000	VENDA	7	0,00	300,00	300,00	False	0,00	44,39
85	93	60	55,00	7,000	2025-11-05 00:00:00.000	VENDA	8	0,00	385,00	385,00	False	0,00	35,53
86	94	32	25,00	5,000	2025-11-05 00:00:00.000	VENDA	1	0,00	125,00	125,00	False	0,00	17,26
87	94	64	90,00	1,000	2025-11-05 00:00:00.000	VENDA	2	0,00	90,00	90,00	False	0,00	49,41
88	94	63	22,00	1,000	2025-11-05 00:00:00.000	VENDA	3	0,00	22,00	22,00	False	0,00	11,45
89	94	62	185,00	1,000	2025-11-05 00:00:00.000	VENDA	4	0,00	185,00	185,00	False	0,00	102,05
90	94	61	75,00	1,000	2025-11-05 00:00:00.000	VENDA	5	0,00	75,00	75,00	False	0,00	37,98
91	94	133	22,00	1,000	2025-11-05 00:00:00.000	VENDA	6	0,00	22,00	22,00	False	0,00	12,39
92	94	60	55,00	7,000	2025-11-05 00:00:00.000	VENDA	7	0,00	385,00	385,00	False	0,00	35,53
93	95	81	270,00	2,000	2025-11-05 00:00:00.000	VENDA	1	0,00	540,00	540,00	False	0,00	148,02
94	96	49	200,00	1,000	2025-11-05 00:00:00.000	VENDA	1	0,00	200,00	200,00	False	0,00	91,51
95	96	60	55,00	7,000	2025-11-05 00:00:00.000	VENDA	2	0,00	385,00	385,00	False	0,00	35,53
96	97	47	346,00	1,000	2025-11-05 00:00:00.000	VENDA	1	0,00	346,00	346,00	False	0,00	191,95
97	97	27	64,00	1,000	2025-11-05 00:00:00.000	VENDA	2	0,00	64,00	64,00	False	0,00	35,39
98	97	42	75,00	1,000	2025-11-05 00:00:00.000	VENDA	3	0,00	75,00	75,00	False	0,00	41,60
99	97	48	1438,00	1,000	2025-11-05 00:00:00.000	VENDA	4	0,00	1438,00	1438,00	False	0,00	799,00
100	97	41	105,00	2,000	2025-11-05 00:00:00.000	VENDA	5	0,00	210,00	210,00	False	0,00	56,99
101	97	40	122,00	2,000	2025-11-05 00:00:00.000	VENDA	6	0,00	244,00	244,00	False	0,00	67,78
102	97	30	172,90	4,000	2025-11-05 00:00:00.000	VENDA	7	0,00	691,60	691,60	False	0,00	123,50
103	97	44	115,00	2,000	2025-11-05 00:00:00.000	VENDA	8	0,00	230,00	230,00	False	0,00	63,76
104	98	160	40,00	2,000	2025-11-05 00:00:00.000	VENDA	1	0,00	80,00	80,00	False	0,00	24,31
105	98	159	40,00	1,000	2025-11-05 00:00:00.000	VENDA	2	0,00	40,00	40,00	False	0,00	25,63
106	98	144	25,00	2,000	2025-11-05 00:00:00.000	VENDA	3	0,00	50,00	50,00	False	0,00	13,66
107	98	117	100,00	2,000	2025-11-05 00:00:00.000	VENDA	4	0,00	200,00	200,00	False	0,00	53,49
108	98	146	2000,00	1,000	2025-11-05 00:00:00.000	VENDA	5	0,00	2000,00	2000,00	False	0,00	1053,44
109	99	158	350,00	2,000	2025-11-05 00:00:00.000	VENDA	1	0,00	700,00	700,00	False	0,00	170,00
110	101	187	50,00	1,000	2025-11-07 00:00:00.000	VENDA	1	0,00	50,00	50,00	False	0,00	26,21
111	101	188	330,00	1,000	2025-11-07 00:00:00.000	VENDA	2	0,00	330,00	330,00	False	0,00	182,37
112	101	189	600,00	1,000	2025-11-07 00:00:00.000	VENDA	3	0,00	600,00	600,00	False	0,00	330,00
2325	724	71	97,00	1,000	2026-04-24 00:00:00.000	OFICINA	1	0,00	97,00	97,00	False	60,13	60,13
2326	724	348	5,00	1,000	2026-04-24 00:00:00.000	OFICINA	2	0,00	5,00	5,00	False	2,99	2,99
115	103	172	240,00	1,000	2025-11-08 00:00:00.000	VENDA	1	0,00	240,00	240,00	False	0,00	134,92
116	103	206	650,00	1,000	2025-11-08 00:00:00.000	VENDA	2	0,00	650,00	650,00	False	0,00	338,98
2327	729	814	80,00	1,000	2026-04-24 00:00:00.000	OFICINA	1	0,00	80,00	80,00	False	42,62	42,62
2328	717	125	77,00	1,000	2026-04-24 00:00:00.000	OFICINA	13	0,00	77,00	77,00	False	40,48	40,48
2329	717	46	75,00	1,000	2026-04-24 00:00:00.000	OFICINA	14	0,00	75,00	75,00	False	40,15	40,15
2330	717	423	48,00	1,000	2026-04-24 00:00:00.000	OFICINA	15	0,00	48,00	48,00	False	24,41	24,41
2331	730	392	160,00	2,000	2026-04-24 00:00:00.000	OFICINA	1	0,00	320,00	320,00	False	131,64	65,82
2332	730	8	279,00	2,000	2026-04-24 00:00:00.000	OFICINA	2	0,00	558,00	558,00	False	310,00	155,00
2333	730	641	130,00	1,000	2026-04-24 00:00:00.000	OFICINA	3	0,00	130,00	130,00	False	74,52	74,52
124	106	220	45,00	3,000	2025-11-10 00:00:00.000	VENDA	1	0,00	135,00	135,00	False	0,00	26,03
141	112	206	380,00	1,000	2025-11-13 00:00:00.000	VENDA	1	0,00	380,00	380,00	False	0,00	338,98
2334	730	651	120,00	2,000	2026-04-24 00:00:00.000	OFICINA	4	0,00	240,00	240,00	False	180,96	90,48
2335	730	132	20,00	1,000	2026-04-24 00:00:00.000	OFICINA	5	0,00	20,00	20,00	False	9,07	9,07
2346	730	381	230,00	2,000	2026-04-27 00:00:00.000	OFICINA	12	0,00	460,00	460,00	False	255,04	127,52
129	107	81	270,00	1,000	2025-11-10 00:00:00.000	VENDA	1	0,00	270,00	270,00	False	0,00	148,02
131	108	232	450,00	1,000	2025-11-11 00:00:00.000	VENDA	1	0,00	450,00	450,00	False	0,00	223,51
132	108	233	390,00	1,000	2025-11-11 00:00:00.000	VENDA	2	0,00	390,00	390,00	False	0,00	193,71
133	109	228	25,00	3,000	2025-11-11 00:00:00.000	VENDA	1	0,00	75,00	75,00	False	0,00	18,77
134	109	74	150,00	1,000	2025-11-11 00:00:00.000	VENDA	2	0,00	150,00	150,00	False	0,00	81,19
135	109	2	15,00	1,000	2025-11-11 00:00:00.000	VENDA	3	0,00	15,00	15,00	False	0,00	9,97
136	109	162	210,00	1,000	2025-11-11 00:00:00.000	VENDA	4	0,00	210,00	210,00	False	0,00	113,34
137	109	220	45,00	3,000	2025-11-11 00:00:00.000	VENDA	5	0,00	135,00	135,00	False	0,00	26,03
138	109	196	27,00	4,000	2025-11-11 00:00:00.000	VENDA	6	0,00	108,00	108,00	False	0,00	14,72
139	110	205	200,00	2,000	2025-11-11 00:00:00.000	VENDA	1	0,00	400,00	400,00	False	0,00	118,32
140	110	227	35,00	1,000	2025-11-11 00:00:00.000	VENDA	2	0,00	35,00	35,00	False	0,00	20,71
2347	738	81	280,00	2,000	2026-04-27 00:00:00.000	OFICINA	1	0,00	560,00	560,00	False	302,28	151,14
2348	738	171	75,00	2,000	2026-04-27 00:00:00.000	OFICINA	2	0,00	150,00	150,00	False	63,68	31,84
2349	738	602	125,00	2,000	2026-04-27 00:00:00.000	OFICINA	3	0,00	250,00	250,00	False	137,98	68,99
149	117	295	40,00	2,000	2025-11-14 00:00:00.000	VENDA	1	0,00	80,00	80,00	False	0,00	22,37
2350	739	60	54,00	8,000	2026-04-27 00:00:00.000	OFICINA	1	0,00	432,00	432,00	False	294,24	36,78
2351	739	62	180,00	1,000	2026-04-27 00:00:00.000	OFICINA	2	0,00	180,00	180,00	False	102,05	102,05
2352	739	49	200,00	1,000	2026-04-27 00:00:00.000	OFICINA	3	0,00	200,00	200,00	False	97,43	97,43
2412	709	71	97,00	1,000	2026-04-29 00:00:00.000	OFICINA	1	0,00	97,00	97,00	False	60,13	60,13
2354	739	348	5,00	1,000	2026-04-27 00:00:00.000	OFICINA	5	0,00	5,00	5,00	False	2,99	2,99
2355	727	62	180,00	1,000	2026-04-27 00:00:00.000	OFICINA	1	0,00	180,00	180,00	False	102,05	102,05
2356	727	49	200,00	1,000	2026-04-27 00:00:00.000	OFICINA	2	0,00	200,00	200,00	False	97,43	97,43
2357	727	605	1090,05	1,000	2026-04-27 00:00:00.000	OFICINA	3	0,00	1090,05	1090,05	False	568,71	568,71
2358	727	790	60,00	1,000	2026-04-27 00:00:00.000	OFICINA	4	0,00	60,00	60,00	False	32,03	32,03
2432	731	151	900,00	1,000	2026-04-29 00:00:00.000	OFICINA	31	0,00	900,00	900,00	False	522,56	522,56
161	121	281	105,00	1,000	2025-11-17 00:00:00.000	VENDA	1	0,00	105,00	105,00	False	0,00	57,43
162	121	294	270,01	1,000	2025-11-17 00:00:00.000	VENDA	2	0,00	270,01	270,01	False	0,00	147,90
163	121	291	850,02	1,000	2025-11-17 00:00:00.000	VENDA	3	0,00	850,02	850,02	False	0,00	498,43
164	121	290	850,02	1,000	2025-11-17 00:00:00.000	VENDA	4	0,00	850,02	850,02	False	0,00	498,43
165	122	246	10,00	2,000	2025-11-17 00:00:00.000	VENDA	1	0,00	20,00	20,00	False	0,00	3,81
166	122	145	500,00	1,000	2025-11-17 00:00:00.000	VENDA	2	0,00	500,00	500,00	False	0,00	259,09
167	122	160	40,00	2,000	2025-11-17 00:00:00.000	VENDA	3	0,00	80,00	80,00	False	0,00	24,31
168	122	200	110,00	1,000	2025-11-17 00:00:00.000	VENDA	4	0,00	110,00	110,00	False	0,00	56,23
169	123	246	10,00	2,000	2025-11-17 00:00:00.000	VENDA	1	0,00	20,00	20,00	False	0,00	3,81
170	123	171	75,00	2,000	2025-11-17 00:00:00.000	VENDA	2	0,00	150,00	150,00	False	0,00	39,43
171	123	308	250,00	1,000	2025-11-17 00:00:00.000	VENDA	3	0,00	250,00	250,00	False	0,00	144,40
172	123	309	250,00	1,000	2025-11-17 00:00:00.000	VENDA	4	0,00	250,00	250,00	False	0,00	144,91
173	123	229	250,00	2,000	2025-11-17 00:00:00.000	VENDA	5	0,00	500,00	500,00	False	0,00	143,97
174	123	55	75,00	1,000	2025-11-17 00:00:00.000	VENDA	6	0,00	75,00	75,00	False	0,00	38,92
175	123	144	25,00	1,000	2025-11-17 00:00:00.000	VENDA	7	0,00	25,00	25,00	False	0,00	13,66
176	123	219	45,00	3,000	2025-11-17 00:00:00.000	VENDA	8	0,00	135,00	135,00	False	0,00	27,24
177	124	313	150,00	2,000	2025-11-17 00:00:00.000	VENDA	1	0,00	300,00	300,00	False	0,00	80,90
178	125	131	20,00	1,000	2025-11-17 00:00:00.000	VENDA	1	0,00	20,00	20,00	False	0,00	12,27
179	125	135	40,00	1,000	2025-11-17 00:00:00.000	VENDA	2	0,00	40,00	40,00	False	0,00	24,62
2360	740	227	30,00	1,000	2026-04-27 00:00:00.000	OFICINA	1	0,00	30,00	30,00	False	21,08	21,08
2361	740	348	5,00	1,000	2026-04-27 00:00:00.000	OFICINA	2	0,00	5,00	5,00	False	2,99	2,99
2438	740	221	55,00	4,000	2026-04-29 00:00:00.000	OFICINA	6	0,00	220,00	220,00	False	122,88	30,72
2363	727	44	117,00	2,000	2026-04-27 00:00:00.000	OFICINA	6	0,00	234,00	234,00	False	128,34	64,17
2364	727	420	260,00	1,000	2026-04-27 00:00:00.000	OFICINA	7	0,00	260,00	260,00	False	109,53	109,53
191	132	144	25,00	1,000	2025-11-18 00:00:00.000	VENDA	1	0,00	25,00	25,00	False	0,00	13,66
194	136	220	45,00	3,000	2025-11-19 00:00:00.000	VENDA	1	0,00	135,00	135,00	False	0,00	26,03
2365	727	789	30,00	2,000	2026-04-27 00:00:00.000	OFICINA	8	0,00	60,00	60,00	False	34,22	17,11
195	137	46	76,00	1,000	2025-11-19 00:00:00.000	VENDA	1	0,00	76,00	76,00	False	0,00	41,92
196	137	125	80,00	1,000	2025-11-19 00:00:00.000	VENDA	2	0,00	80,00	80,00	False	0,00	41,92
197	138	289	140,00	1,000	2025-11-19 00:00:00.000	VENDA	1	0,00	140,00	140,00	False	0,00	77,64
198	139	318	80,00	1,000	2025-11-19 00:00:00.000	VENDA	1	0,00	80,00	80,00	False	0,00	41,91
199	139	254	5,00	4,000	2025-11-19 00:00:00.000	VENDA	2	0,00	20,00	20,00	False	0,00	2,53
200	139	321	89,00	1,000	2025-11-19 00:00:00.000	VENDA	3	0,00	89,00	89,00	False	0,00	45,23
201	140	32	25,00	5,000	2025-11-19 00:00:00.000	VENDA	1	0,00	125,00	125,00	False	0,00	17,26
202	140	30	172,90	1,000	2025-11-19 00:00:00.000	VENDA	2	0,00	172,90	172,90	False	0,00	123,50
203	141	159	40,00	1,000	2025-11-19 00:00:00.000	VENDA	1	0,00	40,00	40,00	False	0,00	25,63
204	143	102	160,00	1,000	2025-11-20 00:00:00.000	VENDA	1	0,00	160,00	160,00	False	0,00	108,28
2366	727	781	60,00	1,000	2026-04-27 00:00:00.000	OFICINA	9	0,00	60,00	60,00	False	32,03	32,03
2375	731	2	20,00	1,000	2026-04-27 00:00:00.000	OFICINA	6	0,00	20,00	20,00	False	8,83	8,83
145	113	175	250,00	2,000	2025-11-13 00:00:00.000	VENDA	1	0,00	500,00	500,00	False	0,00	148,17
192	132	166	100,00	1,000	2025-11-18 00:00:00.000	VENDA	2	0,00	100,00	100,00	False	0,00	54,60
205	143	235	70,00	2,000	2025-11-20 00:00:00.000	VENDA	2	0,00	140,00	140,00	False	0,00	36,60
206	143	289	140,00	1,000	2025-11-20 00:00:00.000	VENDA	3	0,00	140,00	140,00	False	0,00	77,64
2378	731	361	30,00	1,000	2026-04-27 00:00:00.000	OFICINA	9	0,00	30,00	30,00	False	16,14	16,14
2388	739	592	370,00	1,000	2026-04-27 00:00:00.000	OFICINA	9	0,00	370,00	370,00	False	158,96	158,96
2414	731	32	30,00	4,000	2026-04-29 00:00:00.000	OFICINA	29	0,00	120,00	120,00	False	72,00	18,00
2422	745	132	20,00	1,000	2026-04-29 00:00:00.000	OFICINA	3	0,00	20,00	20,00	False	9,07	9,07
2426	745	81	280,00	2,000	2026-04-29 00:00:00.000	OFICINA	7	0,00	560,00	560,00	False	302,28	151,14
2443	718	835	30,00	2,000	2026-05-02 00:00:00.000	OFICINA	1	0,00	60,00	60,00	False	28,64	14,32
2444	718	838	500,01	2,000	2026-05-02 00:00:00.000	OFICINA	2	0,00	1000,02	1000,02	False	545,36	272,68
2445	718	817	2400,00	1,000	2026-05-02 00:00:00.000	OFICINA	3	0,00	2400,00	2400,00	False	1333,41	1333,41
216	149	124	120,00	2,000	2025-11-25 00:00:00.000	VENDA	1	0,00	240,00	240,00	False	0,00	65,64
217	149	258	20,00	1,000	2025-11-25 00:00:00.000	VENDA	2	0,00	20,00	20,00	False	0,00	9,63
218	149	209	310,00	1,000	2025-11-25 00:00:00.000	VENDA	3	0,00	310,00	310,00	False	0,00	169,68
219	149	76	400,00	1,000	2025-11-25 00:00:00.000	VENDA	4	0,00	400,00	400,00	False	0,00	200,55
220	149	155	300,00	2,000	2025-11-25 00:00:00.000	VENDA	5	0,00	600,00	600,00	False	0,00	162,22
221	150	173	60,00	1,000	2025-11-25 00:00:00.000	VENDA	1	0,00	60,00	60,00	False	0,00	31,34
222	150	69	240,00	1,000	2025-11-25 00:00:00.000	VENDA	2	0,00	240,00	240,00	False	0,00	131,71
223	150	74	150,00	1,000	2025-11-25 00:00:00.000	VENDA	3	0,00	150,00	150,00	False	0,00	81,19
224	150	338	16,00	1,000	2025-11-25 00:00:00.000	VENDA	4	0,00	16,00	16,00	False	0,00	8,85
225	150	303	95,00	1,000	2025-11-25 00:00:00.000	VENDA	5	0,00	95,00	95,00	False	0,00	51,12
226	150	2	15,00	1,000	2025-11-25 00:00:00.000	VENDA	6	0,00	15,00	15,00	False	0,00	9,97
227	150	191	475,00	1,000	2025-11-25 00:00:00.000	VENDA	7	0,00	475,00	475,00	False	0,00	260,50
228	150	320	90,00	1,000	2025-11-25 00:00:00.000	VENDA	8	0,00	90,00	90,00	False	0,00	49,16
229	150	305	265,90	1,000	2025-11-25 00:00:00.000	VENDA	9	0,00	265,90	265,90	False	0,00	147,72
230	150	197	27,00	4,000	2025-11-25 00:00:00.000	VENDA	10	0,00	108,00	108,00	False	0,00	14,26
231	150	304	250,90	1,000	2025-11-25 00:00:00.000	VENDA	11	0,00	250,90	250,90	False	0,00	138,98
232	150	220	45,00	3,000	2025-11-25 00:00:00.000	VENDA	12	0,00	135,00	135,00	False	0,00	26,03
233	150	163	400,00	1,000	2025-11-25 00:00:00.000	VENDA	13	0,00	400,00	400,00	False	0,00	217,00
234	151	203	175,00	1,000	2025-11-25 00:00:00.000	VENDA	1	0,00	175,00	175,00	False	0,00	95,82
235	153	121	95,00	2,000	2025-11-25 00:00:00.000	VENDA	1	0,00	190,00	190,00	False	0,00	51,18
236	160	228	30,00	3,000	2025-11-27 00:00:00.000	VENDA	1	0,00	90,00	90,00	False	0,00	17,03
237	160	71	80,00	1,000	2025-11-27 00:00:00.000	VENDA	2	0,00	80,00	80,00	False	0,00	58,51
2469	718	837	150,00	2,000	2026-05-04 00:00:00.000	OFICINA	16	0,00	300,00	300,00	False	158,56	79,28
2447	718	833	200,00	1,000	2026-05-02 00:00:00.000	OFICINA	5	0,00	200,00	200,00	False	112,44	112,44
2448	718	834	200,00	1,000	2026-05-02 00:00:00.000	OFICINA	6	0,00	200,00	200,00	False	112,44	112,44
2449	718	816	600,00	1,000	2026-05-02 00:00:00.000	OFICINA	7	0,00	600,00	600,00	False	328,19	328,19
2450	718	832	110,00	1,000	2026-05-02 00:00:00.000	OFICINA	8	0,00	110,00	110,00	False	58,86	58,86
2451	718	831	110,00	1,000	2026-05-02 00:00:00.000	OFICINA	9	0,00	110,00	110,00	False	58,86	58,86
2452	752	708	23,00	1,000	2026-05-02 00:00:00.000	OFICINA	1	0,00	23,00	23,00	False	10,73	10,73
2453	752	220	40,00	4,000	2026-05-02 00:00:00.000	OFICINA	2	0,00	160,00	160,00	False	104,88	26,22
2454	753	645	220,00	1,000	2026-05-02 00:00:00.000	OFICINA	1	0,00	220,00	220,00	False	67,08	67,08
2465	718	159	40,00	1,000	2026-05-04 00:00:00.000	OFICINA	14	0,00	40,00	40,00	False	25,63	25,63
2466	718	738	45,00	2,000	2026-05-04 00:00:00.000	OFICINA	15	0,00	90,00	90,00	False	61,30	30,65
2470	759	449	30,00	1,000	2026-05-04 00:00:00.000	OFICINA	1	0,00	30,00	30,00	False	16,21	16,21
2458	754	846	30,00	4,000	2026-05-02 00:00:00.000	OFICINA	4	0,00	120,00	120,00	False	13,72	3,43
2459	754	252	3,50	1,000	2026-05-02 00:00:00.000	OFICINA	5	0,00	3,50	3,50	False	1,48	1,48
2460	754	244	7,00	2,000	2026-05-02 00:00:00.000	OFICINA	6	0,00	14,00	14,00	False	5,98	2,99
2461	718	820	100,00	1,000	2026-05-04 00:00:00.000	OFICINA	10	0,00	100,00	100,00	False	52,05	52,05
2463	718	546	4,01	2,000	2026-05-04 00:00:00.000	OFICINA	12	0,00	8,02	8,02	False	1,02	0,51
2464	718	523	2,00	1,000	2026-05-04 00:00:00.000	OFICINA	13	0,00	2,00	2,00	False	0,26	0,26
258	161	287	430,00	1,000	2025-11-27 00:00:00.000	VENDA	1	0,00	430,00	430,00	False	0,00	234,45
259	166	242	8,00	1,000	2025-11-27 00:00:00.000	VENDA	1	0,00	8,00	8,00	False	0,00	2,91
260	166	71	80,00	1,000	2025-11-27 00:00:00.000	VENDA	2	0,00	80,00	80,00	False	0,00	58,51
261	167	320	90,00	1,000	2025-11-28 00:00:00.000	VENDA	1	0,00	90,00	90,00	False	0,00	49,16
262	167	71	80,00	1,000	2025-11-28 00:00:00.000	VENDA	2	0,00	80,00	80,00	False	0,00	58,51
263	167	194	80,00	1,000	2025-11-28 00:00:00.000	VENDA	3	0,00	80,00	80,00	False	0,00	29,23
264	167	302	30,00	1,000	2025-11-28 00:00:00.000	VENDA	4	0,00	30,00	30,00	False	0,00	16,80
2471	759	144	27,00	1,000	2026-05-04 00:00:00.000	OFICINA	2	0,00	27,00	27,00	False	14,21	14,21
2472	759	557	200,00	1,000	2026-05-04 00:00:00.000	OFICINA	3	0,00	200,00	200,00	False	106,97	106,97
193	134	146	2000,00	1,000	2025-11-18 00:00:00.000	VENDA	1	0,00	2000,00	2000,00	False	0,00	1053,44
2306	717	171	75,00	2,000	2026-04-22 00:00:00.000	OFICINA	1	0,00	150,00	150,00	False	63,68	31,84
2307	717	117	100,00	2,000	2026-04-22 00:00:00.000	OFICINA	2	0,00	200,00	200,00	False	109,40	54,70
2308	717	28	45,00	2,000	2026-04-22 00:00:00.000	OFICINA	3	0,00	90,00	90,00	False	48,98	24,49
2473	759	738	45,00	1,000	2026-05-04 00:00:00.000	OFICINA	4	0,00	45,00	45,00	False	30,65	30,65
2310	717	38	20,00	2,000	2026-04-22 00:00:00.000	OFICINA	5	0,00	40,00	40,00	False	22,70	11,35
2311	717	440	57,00	2,000	2026-04-22 00:00:00.000	OFICINA	6	0,00	114,00	114,00	False	60,16	30,08
2312	717	432	110,00	2,000	2026-04-22 00:00:00.000	OFICINA	7	0,00	220,00	220,00	False	145,54	72,77
2313	717	398	35,00	2,000	2026-04-22 00:00:00.000	OFICINA	8	0,00	70,00	70,00	False	38,82	19,41
2314	717	645	220,00	1,000	2026-04-22 00:00:00.000	OFICINA	9	0,00	220,00	220,00	False	67,08	67,08
275	174	370	465,00	2,000	2025-12-01 00:00:00.000	VENDA	1	0,00	930,00	930,00	False	0,00	257,63
276	174	363	269,99	2,000	2025-12-01 00:00:00.000	VENDA	2	0,00	539,98	539,98	False	0,00	140,68
277	174	368	279,99	1,000	2025-12-01 00:00:00.000	VENDA	3	0,00	279,99	279,99	False	0,00	155,50
278	174	204	20,00	1,000	2025-12-01 00:00:00.000	VENDA	4	0,00	20,00	20,00	False	0,00	8,61
279	175	368	250,00	1,000	2025-12-01 00:00:00.000	VENDA	1	0,00	250,00	250,00	False	0,00	155,50
2315	717	703	120,00	1,000	2026-04-22 00:00:00.000	OFICINA	10	0,00	120,00	120,00	False	66,28	66,28
2316	717	32	30,00	4,000	2026-04-22 00:00:00.000	OFICINA	11	0,00	120,00	120,00	False	72,00	18,00
2474	762	716	600,01	1,000	2026-05-04 00:00:00.000	OFICINA	1	0,00	600,01	600,01	False	298,17	298,17
2318	721	182	235,00	1,000	2026-04-22 00:00:00.000	OFICINA	1	0,00	235,00	235,00	False	132,05	132,05
2319	720	348	5,00	1,000	2026-04-22 00:00:00.000	OFICINA	1	0,00	5,00	5,00	False	2,99	2,99
2475	727	585	105,00	2,000	2026-05-04 00:00:00.000	OFICINA	14	0,00	210,00	210,00	False	113,34	56,67
2476	727	584	100,00	2,000	2026-05-04 00:00:00.000	OFICINA	15	0,00	200,00	200,00	False	109,18	54,59
2477	762	426	70,00	1,000	2026-05-04 00:00:00.000	OFICINA	2	0,00	70,00	70,00	False	27,78	27,78
2478	763	708	23,00	1,000	2026-05-04 00:00:00.000	OFICINA	1	0,00	23,00	23,00	False	10,73	10,73
2479	763	562	50,00	4,000	2026-05-04 00:00:00.000	OFICINA	2	0,00	200,00	200,00	False	120,40	30,10
2480	763	159	40,00	1,000	2026-05-04 00:00:00.000	OFICINA	3	0,00	40,00	40,00	False	25,63	25,63
2481	765	561	78,00	8,000	2026-05-05 00:00:00.000	OFICINA	1	0,00	624,00	624,00	False	479,20	59,90
293	181	246	10,00	2,000	2025-12-02 00:00:00.000	VENDA	1	0,00	20,00	20,00	False	0,00	3,81
294	181	145	500,00	1,000	2025-12-02 00:00:00.000	VENDA	2	0,00	500,00	500,00	False	0,00	259,09
295	181	147	40,00	2,000	2025-12-02 00:00:00.000	VENDA	3	0,00	80,00	80,00	False	0,00	25,57
296	181	97	40,00	1,000	2025-12-02 00:00:00.000	VENDA	4	0,00	40,00	40,00	False	0,00	22,19
2482	765	56	265,00	1,000	2026-05-05 00:00:00.000	OFICINA	2	0,00	265,00	265,00	False	146,66	146,66
2483	766	854	120,00	1,000	2026-05-05 00:00:00.000	OFICINA	1	0,00	120,00	120,00	False	80,00	80,00
2484	766	853	70,00	2,000	2026-05-05 00:00:00.000	OFICINA	2	0,00	140,00	140,00	False	74,00	37,00
2485	766	852	790,00	1,000	2026-05-05 00:00:00.000	OFICINA	3	0,00	790,00	790,00	False	436,00	436,00
2486	766	851	85,00	2,000	2026-05-05 00:00:00.000	OFICINA	4	0,00	170,00	170,00	False	91,58	45,79
2487	766	850	65,00	2,000	2026-05-05 00:00:00.000	OFICINA	5	0,00	130,00	130,00	False	68,80	34,40
2488	766	855	70,00	2,000	2026-05-05 00:00:00.000	OFICINA	6	0,00	140,00	140,00	False	78,00	39,00
2489	766	60	54,00	3,000	2026-05-05 00:00:00.000	OFICINA	7	0,00	162,00	162,00	False	110,34	36,78
2490	756	74	178,00	1,000	2026-05-05 00:00:00.000	OFICINA	1	0,00	178,00	178,00	False	97,37	97,37
2491	756	303	95,00	1,000	2026-05-05 00:00:00.000	OFICINA	2	0,00	95,00	95,00	False	51,12	51,12
2492	756	642	30,00	4,000	2026-05-05 00:00:00.000	OFICINA	3	0,00	120,00	120,00	False	77,36	19,34
2493	756	282	135,00	1,000	2026-05-05 00:00:00.000	OFICINA	4	0,00	135,00	135,00	False	74,71	74,71
312	183	209	310,01	1,000	2025-12-02 00:00:00.000	VENDA	1	0,00	310,01	310,01	False	0,00	170,85
313	185	207	50,00	2,000	2025-12-03 00:00:00.000	VENDA	1	0,00	100,00	100,00	False	0,00	25,24
314	185	130	45,00	2,000	2025-12-03 00:00:00.000	VENDA	2	0,00	90,00	90,00	False	0,00	24,85
315	185	132	20,00	1,000	2025-12-03 00:00:00.000	VENDA	3	0,00	20,00	20,00	False	0,00	9,07
316	185	362	215,00	2,000	2025-12-03 00:00:00.000	VENDA	4	0,00	430,00	430,00	False	0,00	114,27
317	185	348	5,00	1,000	2025-12-03 00:00:00.000	VENDA	5	0,00	5,00	5,00	False	0,00	2,83
318	185	227	35,00	1,000	2025-12-03 00:00:00.000	VENDA	6	0,00	35,00	35,00	False	0,00	20,71
319	185	52	95,00	1,000	2025-12-03 00:00:00.000	VENDA	7	0,00	95,00	95,00	False	0,00	52,07
320	185	114	55,00	4,000	2025-12-03 00:00:00.000	VENDA	8	0,00	220,00	220,00	False	0,00	31,29
321	185	147	40,00	2,000	2025-12-03 00:00:00.000	VENDA	9	0,00	80,00	80,00	False	0,00	25,57
322	185	203	185,00	1,000	2025-12-03 00:00:00.000	VENDA	10	0,00	185,00	185,00	False	0,00	100,26
323	185	125	77,00	2,000	2025-12-03 00:00:00.000	VENDA	11	0,00	154,00	154,00	False	0,00	40,48
2494	756	219	45,00	3,000	2026-05-05 00:00:00.000	OFICINA	5	0,00	135,00	135,00	False	88,83	29,61
2495	756	173	60,00	1,000	2026-05-05 00:00:00.000	OFICINA	6	0,00	60,00	60,00	False	32,31	32,31
2496	756	445	200,00	1,000	2026-05-05 00:00:00.000	OFICINA	7	0,00	200,00	200,00	False	102,59	102,59
327	186	348	5,00	1,000	2025-12-03 00:00:00.000	VENDA	1	0,00	5,00	5,00	False	0,00	2,83
328	186	52	95,00	1,000	2025-12-03 00:00:00.000	VENDA	2	0,00	95,00	95,00	False	0,00	52,07
329	186	114	55,00	4,000	2025-12-03 00:00:00.000	VENDA	3	0,00	220,00	220,00	False	0,00	31,29
335	192	182	220,00	2,000	2025-12-05 00:00:00.000	VENDA	1	0,00	440,00	440,00	False	0,00	118,21
2509	756	71	97,00	2,000	2026-05-05 00:00:00.000	OFICINA	20	0,00	194,00	194,00	False	120,26	60,13
336	192	348	5,00	1,000	2025-12-05 00:00:00.000	VENDA	2	0,00	5,00	5,00	False	0,00	2,83
2498	756	628	1109,99	1,000	2026-05-05 00:00:00.000	OFICINA	9	0,00	1109,99	1109,99	False	617,04	617,04
2499	756	2	20,00	1,000	2026-05-05 00:00:00.000	OFICINA	10	0,00	20,00	20,00	False	8,83	8,83
2500	756	500	300,00	1,000	2026-05-05 00:00:00.000	OFICINA	11	0,00	300,00	300,00	False	167,16	167,16
2501	756	190	500,00	1,000	2026-05-05 00:00:00.000	OFICINA	12	0,00	500,00	500,00	False	258,07	258,07
2502	756	856	260,00	3,000	2026-05-05 00:00:00.000	OFICINA	13	0,00	780,00	780,00	False	450,00	150,00
2511	756	857	1000,00	1,000	2026-05-05 00:00:00.000	OFICINA	22	0,00	1000,00	1000,00	False	560,00	560,00
2512	767	844	50,00	2,000	2026-05-05 00:00:00.000	OFICINA	1	0,00	100,00	100,00	False	11,74	5,87
2513	767	172	240,01	1,000	2026-05-05 00:00:00.000	OFICINA	2	0,00	240,01	240,01	False	148,09	148,09
2514	768	224	60,00	4,000	2026-05-05 00:00:00.000	OFICINA	1	0,00	240,00	240,00	False	178,88	44,72
2507	756	304	250,90	1,000	2026-05-05 00:00:00.000	OFICINA	18	0,00	250,90	250,90	False	138,98	138,98
2508	756	774	80,00	1,000	2026-05-05 00:00:00.000	OFICINA	19	0,00	80,00	80,00	False	43,92	43,92
2510	756	305	265,90	1,000	2026-05-05 00:00:00.000	OFICINA	21	0,00	265,90	265,90	False	147,72	147,72
349	198	183	220,00	2,000	2025-12-06 00:00:00.000	VENDA	1	0,00	440,00	440,00	False	0,00	118,11
350	199	228	30,00	3,000	2025-12-06 00:00:00.000	VENDA	1	0,00	90,00	90,00	False	0,00	17,03
351	199	301	10,00	3,000	2025-12-06 00:00:00.000	VENDA	2	0,00	30,00	30,00	False	0,00	3,14
352	199	280	320,00	1,000	2025-12-06 00:00:00.000	VENDA	3	0,00	320,00	320,00	False	0,00	170,53
353	199	227	35,00	1,000	2025-12-06 00:00:00.000	VENDA	4	0,00	35,00	35,00	False	0,00	20,71
354	199	58	85,00	1,000	2025-12-06 00:00:00.000	VENDA	5	0,00	85,00	85,00	False	0,00	42,00
355	199	279	599,99	1,000	2025-12-06 00:00:00.000	VENDA	6	0,00	599,99	599,99	False	0,00	328,67
356	199	357	90,00	2,000	2025-12-06 00:00:00.000	VENDA	7	0,00	180,00	180,00	False	0,00	90,00
357	199	219	45,00	4,000	2025-12-06 00:00:00.000	VENDA	8	0,00	180,00	180,00	False	0,00	27,24
358	199	123	95,00	2,000	2025-12-06 00:00:00.000	VENDA	9	0,00	190,00	190,00	False	0,00	51,60
361	200	227	35,00	1,000	2025-12-06 00:00:00.000	VENDA	3	0,00	35,00	35,00	False	0,00	20,71
360	200	348	5,00	1,000	2025-12-06 00:00:00.000	VENDA	2	0,00	5,00	5,00	False	0,00	2,83
362	200	222	70,00	2,000	2025-12-06 00:00:00.000	VENDA	4	0,00	140,00	140,00	False	0,00	43,46
2515	768	348	5,00	1,000	2026-05-05 00:00:00.000	OFICINA	2	0,00	5,00	5,00	False	2,99	2,99
2516	764	756	30,00	1,000	2026-05-05 00:00:00.000	VENDA	1	0,00	30,00	30,00	True	11,64	11,64
2517	768	796	540,00	1,000	2026-05-05 00:00:00.000	OFICINA	3	0,00	540,00	540,00	False	294,60	294,60
367	201	220	45,00	4,000	2025-12-08 00:00:00.000	VENDA	1	0,00	180,00	180,00	False	0,00	26,03
368	202	394	2200,03	1,000	2025-12-08 00:00:00.000	VENDA	1	0,00	2200,03	2200,03	False	0,00	1065,65
397	208	348	5,00	1,000	2025-12-09 00:00:00.000	VENDA	1	0,00	5,00	5,00	False	0,00	2,83
398	208	64	90,00	1,000	2025-12-09 00:00:00.000	VENDA	2	0,00	90,00	90,00	False	0,00	49,41
399	208	63	22,00	1,000	2025-12-09 00:00:00.000	VENDA	3	0,00	22,00	22,00	False	0,00	11,45
400	208	61	75,00	1,000	2025-12-09 00:00:00.000	VENDA	4	0,00	75,00	75,00	False	0,00	37,98
401	208	62	185,00	1,000	2025-12-09 00:00:00.000	VENDA	5	0,00	185,00	185,00	False	0,00	102,05
402	208	133	22,00	1,000	2025-12-09 00:00:00.000	VENDA	6	0,00	22,00	22,00	False	0,00	12,39
403	208	60	60,00	7,000	2025-12-09 00:00:00.000	VENDA	7	0,00	420,00	420,00	False	0,00	33,53
406	209	285	135,00	1,000	2025-12-09 00:00:00.000	VENDA	3	0,00	135,00	135,00	False	0,00	75,17
405	209	196	27,00	4,000	2025-12-09 00:00:00.000	VENDA	2	0,00	108,00	108,00	False	0,00	14,72
407	209	132	20,00	1,000	2025-12-09 00:00:00.000	VENDA	4	0,00	20,00	20,00	False	0,00	9,07
408	209	135	40,00	1,000	2025-12-09 00:00:00.000	VENDA	5	0,00	40,00	40,00	False	0,00	24,62
409	209	348	5,00	1,000	2025-12-09 00:00:00.000	VENDA	6	0,00	5,00	5,00	False	0,00	2,83
369	202	159	40,00	2,000	2025-12-08 00:00:00.000	VENDA	2	0,00	80,00	80,00	False	0,00	25,63
370	202	348	5,00	1,000	2025-12-08 00:00:00.000	VENDA	3	0,00	5,00	5,00	False	0,00	2,83
371	203	227	35,00	1,000	2025-12-08 00:00:00.000	VENDA	1	0,00	35,00	35,00	False	0,00	20,71
372	203	348	5,00	1,000	2025-12-08 00:00:00.000	VENDA	2	0,00	5,00	5,00	False	0,00	2,83
373	203	222	70,00	2,000	2025-12-08 00:00:00.000	VENDA	3	0,00	140,00	140,00	False	0,00	43,46
379	204	337	20,00	1,000	2025-12-08 00:00:00.000	VENDA	1	0,00	20,00	20,00	False	0,00	9,97
380	204	2	15,00	1,000	2025-12-08 00:00:00.000	VENDA	2	0,00	15,00	15,00	False	0,00	9,97
381	204	380	20,00	1,000	2025-12-08 00:00:00.000	VENDA	3	0,00	20,00	20,00	False	0,00	9,61
421	211	2	15,00	1,000	2025-12-09 00:00:00.000	VENDA	1	0,00	15,00	15,00	False	0,00	9,97
422	211	338	16,00	1,000	2025-12-09 00:00:00.000	VENDA	2	0,00	16,00	16,00	False	0,00	8,85
423	211	367	185,00	1,000	2025-12-09 00:00:00.000	VENDA	3	0,00	185,00	185,00	False	0,00	99,09
432	212	141	95,00	1,000	2025-12-09 00:00:00.000	VENDA	1	4,28	95,00	90,72	False	0,00	51,26
433	212	348	5,00	1,000	2025-12-09 00:00:00.000	VENDA	2	0,23	5,00	4,77	False	0,00	2,83
434	212	227	35,00	1,000	2025-12-09 00:00:00.000	VENDA	3	1,58	35,00	33,42	False	0,00	20,71
435	212	322	185,00	1,000	2025-12-09 00:00:00.000	VENDA	4	8,34	185,00	176,66	False	0,00	99,66
436	212	302	30,00	1,000	2025-12-09 00:00:00.000	VENDA	5	1,35	30,00	28,65	False	0,00	16,80
437	212	57	60,00	1,000	2025-12-09 00:00:00.000	VENDA	6	2,71	60,00	57,29	False	0,00	31,40
438	212	183	220,00	1,000	2025-12-09 00:00:00.000	VENDA	7	9,92	220,00	210,08	False	0,00	118,11
439	212	182	220,00	1,000	2025-12-09 00:00:00.000	VENDA	8	9,92	220,00	210,08	False	0,00	118,21
440	212	220	45,00	4,000	2025-12-09 00:00:00.000	VENDA	9	8,12	180,00	171,88	False	0,00	26,03
441	212	136	300,00	1,000	2025-12-09 00:00:00.000	VENDA	10	13,55	300,00	286,45	False	0,00	150,13
442	215	131	20,00	1,000	2025-12-09 00:00:00.000	VENDA	1	0,00	20,00	20,00	False	0,00	12,27
443	215	339	22,00	1,000	2025-12-09 00:00:00.000	VENDA	2	0,00	22,00	22,00	False	0,00	11,64
444	215	114	55,00	4,000	2025-12-09 00:00:00.000	VENDA	3	0,00	220,00	220,00	False	0,00	31,29
445	215	126	130,00	1,000	2025-12-09 00:00:00.000	VENDA	4	0,00	130,00	130,00	False	0,00	70,29
446	215	71	80,00	1,000	2025-12-09 00:00:00.000	VENDA	5	0,00	80,00	80,00	False	0,00	58,51
447	217	262	0,60	4,000	2025-12-10 00:00:00.000	VENDA	1	0,00	2,40	2,40	False	0,00	0,33
448	217	109	110,00	2,000	2025-12-10 00:00:00.000	VENDA	2	0,00	220,00	220,00	False	0,00	60,60
449	217	348	5,00	1,000	2025-12-10 00:00:00.000	VENDA	3	0,00	5,00	5,00	False	0,00	2,83
450	217	64	90,00	1,000	2025-12-10 00:00:00.000	VENDA	4	0,00	90,00	90,00	False	0,00	49,41
451	217	63	22,00	1,000	2025-12-10 00:00:00.000	VENDA	5	0,00	22,00	22,00	False	0,00	11,45
452	217	62	185,00	1,000	2025-12-10 00:00:00.000	VENDA	6	0,00	185,00	185,00	False	0,00	102,05
453	217	61	75,00	1,000	2025-12-10 00:00:00.000	VENDA	7	0,00	75,00	75,00	False	0,00	37,98
454	217	133	22,00	1,000	2025-12-10 00:00:00.000	VENDA	8	0,00	22,00	22,00	False	0,00	12,39
455	217	60	60,00	7,000	2025-12-10 00:00:00.000	VENDA	9	0,00	420,00	420,00	False	0,00	33,53
456	217	45	90,00	2,000	2025-12-10 00:00:00.000	VENDA	10	0,00	180,00	180,00	False	0,00	49,76
483	223	13	348,00	1,000	2025-12-10 00:00:00.000	VENDA	1	0,00	348,00	348,00	False	0,00	193,16
484	223	86	43,00	1,000	2025-12-10 00:00:00.000	VENDA	2	0,00	43,00	43,00	False	0,00	23,89
485	223	348	5,00	1,000	2025-12-10 00:00:00.000	VENDA	3	0,00	5,00	5,00	False	0,00	2,83
486	223	397	80,00	1,000	2025-12-10 00:00:00.000	VENDA	4	0,00	80,00	80,00	False	0,00	50,00
487	223	55	75,00	1,000	2025-12-10 00:00:00.000	VENDA	5	0,00	75,00	75,00	False	0,00	38,92
488	223	97	40,00	1,000	2025-12-10 00:00:00.000	VENDA	6	0,00	40,00	40,00	False	0,00	22,19
489	223	219	45,00	3,000	2025-12-10 00:00:00.000	VENDA	7	0,00	135,00	135,00	False	0,00	27,24
491	228	64	120,00	1,000	2025-12-11 00:00:00.000	VENDA	1	0,00	120,00	120,00	False	0,00	49,41
492	228	63	35,00	1,000	2025-12-11 00:00:00.000	VENDA	2	0,00	35,00	35,00	False	0,00	11,45
493	228	133	42,00	1,000	2025-12-11 00:00:00.000	VENDA	3	0,00	42,00	42,00	False	0,00	12,39
494	228	61	97,00	1,000	2025-12-11 00:00:00.000	VENDA	4	0,00	97,00	97,00	False	0,00	37,98
495	228	62	195,00	1,000	2025-12-11 00:00:00.000	VENDA	5	0,00	195,00	195,00	False	0,00	102,05
496	228	60	52,00	8,000	2025-12-11 00:00:00.000	VENDA	6	0,00	416,00	416,00	False	0,00	33,53
497	228	348	5,00	1,000	2025-12-11 00:00:00.000	VENDA	7	0,00	5,00	5,00	False	0,00	2,83
532	237	61	97,00	1,000	2025-12-12 00:00:00.000	VENDA	1	0,00	97,00	97,00	False	0,00	37,98
533	237	133	42,00	1,000	2025-12-12 00:00:00.000	VENDA	2	0,00	42,00	42,00	False	0,00	12,39
534	237	63	35,00	1,000	2025-12-12 00:00:00.000	VENDA	3	0,00	35,00	35,00	False	0,00	11,45
535	237	64	120,00	1,000	2025-12-12 00:00:00.000	VENDA	4	0,00	120,00	120,00	False	0,00	49,41
536	237	62	195,00	1,000	2025-12-12 00:00:00.000	VENDA	5	0,00	195,00	195,00	False	0,00	102,05
537	237	60	52,00	8,000	2025-12-12 00:00:00.000	VENDA	6	0,00	416,00	416,00	False	0,00	33,53
538	237	348	5,00	1,000	2025-12-12 00:00:00.000	VENDA	7	0,00	5,00	5,00	False	0,00	2,83
539	238	228	30,00	1,000	2025-12-13 00:00:00.000	VENDA	1	0,00	30,00	30,00	False	0,00	17,03
540	238	218	30,00	2,000	2025-12-13 00:00:00.000	VENDA	2	0,00	60,00	60,00	False	0,00	18,82
541	238	365	270,00	1,000	2025-12-13 00:00:00.000	VENDA	3	0,00	270,00	270,00	False	0,00	143,13
550	241	60	52,00	8,000	2025-12-15 00:00:00.000	VENDA	1	0,00	416,00	416,00	False	0,00	33,53
551	241	61	97,00	1,000	2025-12-15 00:00:00.000	VENDA	2	0,00	97,00	97,00	False	0,00	37,98
552	241	62	195,00	1,000	2025-12-15 00:00:00.000	VENDA	3	0,00	195,00	195,00	False	0,00	102,05
553	241	133	42,00	1,000	2025-12-15 00:00:00.000	VENDA	4	0,00	42,00	42,00	False	0,00	12,39
554	241	63	35,00	1,000	2025-12-15 00:00:00.000	VENDA	5	0,00	35,00	35,00	False	0,00	11,45
555	241	64	120,00	1,000	2025-12-15 00:00:00.000	VENDA	6	0,00	120,00	120,00	False	0,00	49,41
556	241	348	5,00	1,000	2025-12-15 00:00:00.000	VENDA	7	0,00	5,00	5,00	False	0,00	2,83
557	241	406	150,00	1,000	2025-12-15 00:00:00.000	VENDA	8	0,00	150,00	150,00	False	0,00	68,42
558	241	215	5,00	2,000	2025-12-15 00:00:00.000	VENDA	9	0,00	10,00	10,00	False	0,00	2,00
559	241	407	160,00	1,000	2025-12-15 00:00:00.000	VENDA	10	0,00	160,00	160,00	False	0,00	79,70
560	241	416	2,50	15,000	2025-12-15 00:00:00.000	VENDA	11	0,00	37,50	37,50	False	0,00	1,35
561	241	165	260,00	1,000	2025-12-15 00:00:00.000	VENDA	12	0,00	260,00	260,00	False	0,00	114,65
562	241	413	0,25	4,000	2025-12-15 00:00:00.000	VENDA	13	0,00	1,00	1,00	False	0,00	0,10
580	247	32	30,00	2,000	2025-12-17 00:00:00.000	VENDA	1	0,00	60,00	60,00	False	0,00	17,26
581	247	405	1150,00	1,000	2025-12-17 00:00:00.000	VENDA	2	0,00	1150,00	1150,00	False	0,00	574,11
582	247	348	5,00	1,000	2025-12-17 00:00:00.000	VENDA	3	0,00	5,00	5,00	False	0,00	2,83
583	247	392	160,00	2,000	2025-12-17 00:00:00.000	VENDA	4	0,00	320,00	320,00	False	0,00	81,68
584	247	411	55,00	1,000	2025-12-17 00:00:00.000	VENDA	5	0,00	55,00	55,00	False	0,00	28,23
585	247	409	25,00	1,000	2025-12-17 00:00:00.000	VENDA	6	0,00	25,00	25,00	False	0,00	11,48
586	247	410	20,00	1,000	2025-12-17 00:00:00.000	VENDA	7	0,00	20,00	20,00	False	0,00	8,89
587	247	339	22,00	1,000	2025-12-17 00:00:00.000	VENDA	8	0,00	22,00	22,00	False	0,00	11,64
588	247	222	70,00	2,000	2025-12-17 00:00:00.000	VENDA	9	0,00	140,00	140,00	False	0,00	43,46
589	247	114	55,00	3,000	2025-12-17 00:00:00.000	VENDA	10	0,00	165,00	165,00	False	0,00	31,29
590	247	412	145,00	1,000	2025-12-17 00:00:00.000	VENDA	11	0,00	145,00	145,00	False	0,00	77,50
591	247	108	260,00	1,000	2025-12-17 00:00:00.000	VENDA	12	0,00	260,00	260,00	False	0,00	142,23
592	247	391	190,00	2,000	2025-12-17 00:00:00.000	VENDA	13	0,00	380,00	380,00	False	0,00	103,73
593	249	248	5,00	1,000	2025-12-17 00:00:00.000	VENDA	1	0,00	5,00	5,00	False	0,00	1,62
594	249	75	100,00	1,000	2025-12-17 00:00:00.000	VENDA	2	0,00	100,00	100,00	False	0,00	54,59
595	249	402	57,00	2,000	2025-12-17 00:00:00.000	VENDA	3	0,00	114,00	114,00	False	0,00	28,36
596	249	138	150,00	2,000	2025-12-17 00:00:00.000	VENDA	4	0,00	300,00	300,00	False	0,00	82,75
1776	554	225	120,00	1,000	2026-03-03 00:00:00.000	OFICINA	1	0,00	120,00	120,00	False	76,04	76,04
605	249	393	165,00	1,000	2025-12-17 00:00:00.000	VENDA	5	0,00	165,00	165,00	False	0,00	89,10
607	249	348	5,00	1,000	2025-12-17 00:00:00.000	VENDA	6	0,00	5,00	5,00	False	0,00	2,83
608	249	226	30,00	1,000	2025-12-17 00:00:00.000	VENDA	7	0,00	30,00	30,00	False	0,00	15,49
609	249	322	185,00	1,000	2025-12-17 00:00:00.000	VENDA	8	0,00	185,00	185,00	False	0,00	99,66
610	249	367	210,00	1,000	2025-12-17 00:00:00.000	VENDA	9	0,00	210,00	210,00	False	0,00	115,56
611	249	57	60,00	1,000	2025-12-17 00:00:00.000	VENDA	10	0,00	60,00	60,00	False	0,00	31,40
612	249	220	45,00	3,000	2025-12-17 00:00:00.000	VENDA	11	0,00	135,00	135,00	False	0,00	26,03
613	249	400	82,00	1,000	2025-12-17 00:00:00.000	VENDA	12	0,00	82,00	82,00	False	0,00	42,54
614	249	391	190,00	1,000	2025-12-17 00:00:00.000	VENDA	13	0,00	190,00	190,00	False	0,00	103,73
617	254	103	160,00	1,000	2025-12-17 00:00:00.000	VENDA	1	0,00	160,00	160,00	False	0,00	87,17
618	255	159	40,00	1,000	2025-12-17 00:00:00.000	VENDA	1	0,00	40,00	40,00	False	0,00	25,63
619	255	218	30,00	2,000	2025-12-17 00:00:00.000	VENDA	2	0,00	60,00	60,00	False	0,00	18,82
620	256	348	5,00	1,000	2025-12-17 00:00:00.000	VENDA	1	0,00	5,00	5,00	False	0,00	2,83
621	256	62	195,00	1,000	2025-12-17 00:00:00.000	VENDA	2	0,00	195,00	195,00	False	0,00	102,05
622	256	49	200,00	1,000	2025-12-17 00:00:00.000	VENDA	3	0,00	200,00	200,00	False	0,00	92,83
623	256	60	52,00	7,000	2025-12-17 00:00:00.000	VENDA	4	0,00	364,00	364,00	False	0,00	33,53
624	257	421	703,53	1,000	2025-12-17 00:00:00.000	VENDA	1	0,00	703,53	703,53	False	0,00	390,85
625	257	422	1398,83	1,000	2025-12-17 00:00:00.000	VENDA	2	0,00	1398,83	1398,83	False	0,00	777,13
626	257	114	55,00	4,000	2025-12-17 00:00:00.000	VENDA	3	0,00	220,00	220,00	False	0,00	31,29
647	263	362	215,00	1,000	2025-12-19 00:00:00.000	VENDA	1	0,00	215,00	215,00	False	0,00	114,27
648	263	207	50,00	1,000	2025-12-19 00:00:00.000	VENDA	2	0,00	50,00	50,00	False	0,00	25,24
649	263	2	15,00	1,000	2025-12-19 00:00:00.000	VENDA	3	0,00	15,00	15,00	False	0,00	9,97
650	263	151	900,00	1,000	2025-12-19 00:00:00.000	VENDA	4	0,00	900,00	900,00	False	0,00	500,46
651	263	150	900,00	1,000	2025-12-19 00:00:00.000	VENDA	5	0,00	900,00	900,00	False	0,00	503,36
652	263	367	210,00	1,000	2025-12-19 00:00:00.000	VENDA	6	0,00	210,00	210,00	False	0,00	115,56
653	263	117	100,00	2,000	2025-12-19 00:00:00.000	VENDA	7	0,00	200,00	200,00	False	0,00	54,31
654	263	398	40,00	2,000	2025-12-19 00:00:00.000	VENDA	8	0,00	80,00	80,00	False	0,00	17,80
655	263	222	70,00	2,000	2025-12-19 00:00:00.000	VENDA	9	0,00	140,00	140,00	False	0,00	43,46
656	263	220	45,00	3,000	2025-12-19 00:00:00.000	VENDA	10	0,00	135,00	135,00	False	0,00	26,03
657	263	337	20,00	1,000	2025-12-19 00:00:00.000	VENDA	11	0,00	20,00	20,00	False	0,00	9,97
658	263	410	20,00	1,000	2025-12-19 00:00:00.000	VENDA	12	0,00	20,00	20,00	False	0,00	8,89
659	263	361	30,00	1,000	2025-12-19 00:00:00.000	VENDA	13	0,00	30,00	30,00	False	0,00	15,94
660	263	247	7,00	1,000	2025-12-19 00:00:00.000	VENDA	14	0,00	7,00	7,00	False	0,00	2,94
675	266	246	10,00	1,000	2025-12-20 00:00:00.000	VENDA	1	0,00	10,00	10,00	False	0,00	3,81
676	266	252	3,50	1,000	2025-12-20 00:00:00.000	VENDA	2	0,00	3,50	3,50	False	0,00	1,41
677	266	312	45,00	2,000	2025-12-20 00:00:00.000	VENDA	3	0,00	90,00	90,00	False	0,00	24,76
678	266	398	40,00	2,000	2025-12-20 00:00:00.000	VENDA	4	0,00	80,00	80,00	False	0,00	17,80
679	266	292	8,00	2,000	2025-12-20 00:00:00.000	VENDA	5	0,00	16,00	16,00	False	0,00	4,40
680	266	121	50,00	1,000	2025-12-20 00:00:00.000	VENDA	6	0,00	50,00	50,00	False	0,00	51,47
681	266	397	60,00	2,000	2025-12-20 00:00:00.000	VENDA	7	0,00	120,00	120,00	False	0,00	50,00
682	266	306	35,00	2,000	2025-12-20 00:00:00.000	VENDA	8	0,00	70,00	70,00	False	0,00	16,94
685	269	245	10,00	2,000	2025-12-22 00:00:00.000	VENDA	1	1,43	20,00	18,57	False	0,00	4,09
686	269	344	2200,00	1,000	2025-12-22 00:00:00.000	VENDA	2	157,74	2200,00	2042,26	False	0,00	900,91
687	269	348	5,00	1,000	2025-12-22 00:00:00.000	VENDA	3	0,36	5,00	4,64	False	0,00	2,83
688	269	227	35,00	1,000	2025-12-22 00:00:00.000	VENDA	4	2,51	35,00	32,49	False	0,00	20,71
689	269	144	25,00	2,000	2025-12-22 00:00:00.000	VENDA	5	3,59	50,00	46,42	False	0,00	13,66
690	269	306	35,00	1,000	2025-12-22 00:00:00.000	VENDA	6	2,51	35,00	32,49	False	0,00	16,94
691	269	159	40,00	1,000	2025-12-22 00:00:00.000	VENDA	7	2,87	40,00	37,13	False	0,00	25,63
692	269	160	40,00	2,000	2025-12-22 00:00:00.000	VENDA	8	5,74	80,00	74,26	False	0,00	24,31
693	269	220	45,00	1,000	2025-12-22 00:00:00.000	VENDA	9	3,23	45,00	41,77	False	0,00	26,03
694	269	71	80,00	1,000	2025-12-22 00:00:00.000	VENDA	10	5,74	80,00	74,26	False	0,00	58,51
695	269	387	63,00	1,000	2025-12-22 00:00:00.000	VENDA	11	4,52	63,00	58,48	False	0,00	34,94
696	269	388	65,00	1,000	2025-12-22 00:00:00.000	VENDA	12	4,76	65,00	60,24	False	0,00	34,94
712	272	229	250,00	2,000	2025-12-23 00:00:00.000	VENDA	1	0,00	500,00	500,00	False	0,00	143,97
713	272	114	55,00	1,000	2025-12-23 00:00:00.000	VENDA	2	0,00	55,00	55,00	False	0,00	31,29
728	276	207	50,00	2,000	2025-12-27 00:00:00.000	VENDA	1	0,00	100,00	100,00	False	0,00	25,24
729	276	130	45,00	2,000	2025-12-27 00:00:00.000	VENDA	2	0,00	90,00	90,00	False	0,00	24,85
730	276	362	215,00	2,000	2025-12-27 00:00:00.000	VENDA	3	0,00	430,00	430,00	False	0,00	114,27
731	276	392	160,00	2,000	2025-12-27 00:00:00.000	VENDA	4	0,00	320,00	320,00	False	0,00	67,96
732	276	348	5,00	1,000	2025-12-27 00:00:00.000	VENDA	5	0,00	5,00	5,00	False	0,00	2,83
733	276	411	55,00	1,000	2025-12-27 00:00:00.000	VENDA	6	0,00	55,00	55,00	False	0,00	28,23
734	276	337	20,00	1,000	2025-12-27 00:00:00.000	VENDA	7	0,00	20,00	20,00	False	0,00	9,97
735	276	410	20,00	1,000	2025-12-27 00:00:00.000	VENDA	8	0,00	20,00	20,00	False	0,00	8,89
736	276	339	22,00	1,000	2025-12-27 00:00:00.000	VENDA	9	0,00	22,00	22,00	False	0,00	11,64
737	276	227	35,00	1,000	2025-12-27 00:00:00.000	VENDA	10	0,00	35,00	35,00	False	0,00	20,71
738	276	323	335,00	1,000	2025-12-27 00:00:00.000	VENDA	11	0,00	335,00	335,00	False	0,00	182,85
739	276	222	70,00	2,000	2025-12-27 00:00:00.000	VENDA	12	0,00	140,00	140,00	False	0,00	43,46
740	276	114	55,00	4,000	2025-12-27 00:00:00.000	VENDA	13	0,00	220,00	220,00	False	0,00	31,29
741	276	412	170,00	1,000	2025-12-27 00:00:00.000	VENDA	14	0,00	170,00	170,00	False	0,00	93,55
742	276	391	190,00	2,000	2025-12-27 00:00:00.000	VENDA	15	0,00	380,00	380,00	False	0,00	86,76
743	277	2	15,00	1,000	2025-12-27 00:00:00.000	VENDA	1	0,00	15,00	15,00	False	0,00	9,97
744	277	271	0,25	1,000	2025-12-27 00:00:00.000	VENDA	2	0,00	0,25	0,25	False	0,00	0,10
745	277	160	40,00	2,000	2025-12-27 00:00:00.000	VENDA	3	0,00	80,00	80,00	False	0,00	24,31
746	277	220	45,00	2,000	2025-12-27 00:00:00.000	VENDA	4	0,00	90,00	90,00	False	0,00	26,03
747	277	71	80,00	1,000	2025-12-27 00:00:00.000	VENDA	5	0,00	80,00	80,00	False	0,00	58,51
748	278	348	5,00	1,000	2025-12-27 00:00:00.000	VENDA	1	0,00	5,00	5,00	False	0,00	2,83
749	278	337	20,00	1,000	2025-12-27 00:00:00.000	VENDA	2	0,00	20,00	20,00	False	0,00	9,97
750	278	410	20,00	1,000	2025-12-27 00:00:00.000	VENDA	3	0,00	20,00	20,00	False	0,00	8,89
751	278	361	30,00	1,000	2025-12-27 00:00:00.000	VENDA	4	0,00	30,00	30,00	False	0,00	15,94
752	278	2	15,00	1,000	2025-12-27 00:00:00.000	VENDA	5	0,00	15,00	15,00	False	0,00	9,97
753	278	219	45,00	3,000	2025-12-27 00:00:00.000	VENDA	6	0,00	135,00	135,00	False	0,00	27,24
754	278	412	170,00	1,000	2025-12-27 00:00:00.000	VENDA	7	0,00	170,00	170,00	False	0,00	93,55
757	283	212	20,00	1,000	2025-12-27 00:00:00.000	VENDA	1	0,00	20,00	20,00	False	0,00	9,06
758	283	60	52,00	6,000	2025-12-27 00:00:00.000	VENDA	2	0,00	312,00	312,00	False	0,00	33,53
759	283	228	30,00	5,000	2025-12-27 00:00:00.000	VENDA	3	0,00	150,00	150,00	False	0,00	17,03
781	289	416	2,50	8,000	2025-12-30 00:00:00.000	VENDA	1	0,00	20,00	20,00	False	0,00	1,35
782	289	114	55,00	4,000	2025-12-30 00:00:00.000	VENDA	2	0,00	220,00	220,00	False	0,00	31,29
783	290	141	95,00	1,000	2025-12-30 00:00:00.000	VENDA	1	0,00	95,00	95,00	False	0,00	51,26
784	290	142	95,00	1,000	2025-12-30 00:00:00.000	VENDA	2	0,00	95,00	95,00	False	0,00	51,26
785	290	398	40,00	2,000	2025-12-30 00:00:00.000	VENDA	3	0,00	80,00	80,00	False	0,00	17,80
786	291	441	340,00	1,000	2025-12-30 00:00:00.000	VENDA	1	0,00	340,00	340,00	False	0,00	186,94
787	291	32	30,00	3,000	2025-12-30 00:00:00.000	VENDA	2	0,00	90,00	90,00	False	0,00	17,26
788	291	301	10,00	1,000	2025-12-30 00:00:00.000	VENDA	3	0,00	10,00	10,00	False	0,00	3,14
789	292	60	52,00	1,000	2025-12-30 00:00:00.000	VENDA	1	0,00	52,00	52,00	False	0,00	33,53
799	294	313	150,00	1,000	2025-12-30 00:00:00.000	VENDA	1	0,00	150,00	150,00	False	0,00	80,90
800	294	168	60,00	1,000	2025-12-30 00:00:00.000	VENDA	2	0,00	60,00	60,00	False	0,00	31,37
801	295	168	60,00	1,000	2025-12-30 00:00:00.000	VENDA	1	0,00	60,00	60,00	False	0,00	31,37
802	295	313	150,00	1,000	2025-12-30 00:00:00.000	VENDA	2	0,00	150,00	150,00	False	0,00	80,90
808	296	227	35,00	1,000	2025-12-30 00:00:00.000	VENDA	3	0,00	35,00	35,00	False	0,00	20,71
807	296	220	45,00	2,000	2025-12-30 00:00:00.000	VENDA	2	0,00	90,00	90,00	False	0,00	26,03
822	305	49	200,00	1,000	2026-01-03 00:00:00.000	VENDA	1	0,00	200,00	200,00	False	0,00	92,83
825	305	60	60,00	6,000	2026-01-03 00:00:00.000	VENDA	4	0,00	360,00	360,00	False	0,00	33,53
824	305	62	185,00	1,000	2026-01-03 00:00:00.000	VENDA	3	0,00	185,00	185,00	False	0,00	102,05
826	307	362	215,00	2,000	2026-01-05 00:00:00.000	VENDA	1	0,00	430,00	430,00	False	0,00	116,83
829	308	228	30,00	2,000	2026-01-05 00:00:00.000	VENDA	1	0,00	60,00	60,00	False	0,00	17,03
830	308	348	5,00	1,000	2026-01-05 00:00:00.000	VENDA	2	0,00	5,00	5,00	False	0,00	2,83
831	308	62	185,00	1,000	2026-01-05 00:00:00.000	VENDA	3	0,00	185,00	185,00	False	0,00	102,05
832	308	227	35,00	1,000	2026-01-05 00:00:00.000	VENDA	4	0,00	35,00	35,00	False	0,00	21,08
833	308	49	200,00	1,000	2026-01-05 00:00:00.000	VENDA	5	0,00	200,00	200,00	False	0,00	92,83
834	308	60	52,00	7,000	2026-01-05 00:00:00.000	VENDA	6	0,00	364,00	364,00	False	0,00	33,53
835	308	209	310,01	1,000	2026-01-05 00:00:00.000	VENDA	7	0,00	310,01	310,01	False	0,00	170,85
836	308	76	400,00	1,000	2026-01-05 00:00:00.000	VENDA	8	0,00	400,00	400,00	False	0,00	208,55
837	308	366	280,00	2,000	2026-01-05 00:00:00.000	VENDA	9	0,00	560,00	560,00	False	0,00	153,38
841	311	458	533,96	1,000	2026-01-05 00:00:00.000	VENDA	1	0,00	533,96	533,96	False	0,00	528,67
842	312	362	215,00	1,000	2026-01-05 00:00:00.000	VENDA	1	0,00	215,00	215,00	False	0,00	116,83
843	312	348	5,00	1,000	2026-01-05 00:00:00.000	VENDA	2	0,00	5,00	5,00	False	0,00	2,83
844	312	409	25,00	1,000	2026-01-05 00:00:00.000	VENDA	3	0,00	25,00	25,00	False	0,00	11,48
845	312	410	20,00	1,000	2026-01-05 00:00:00.000	VENDA	4	0,00	20,00	20,00	False	0,00	8,89
846	312	361	30,00	1,000	2026-01-05 00:00:00.000	VENDA	5	0,00	30,00	30,00	False	0,00	15,94
847	312	2	15,00	1,000	2026-01-05 00:00:00.000	VENDA	6	0,00	15,00	15,00	False	0,00	9,97
848	312	219	45,00	3,000	2026-01-05 00:00:00.000	VENDA	7	0,00	135,00	135,00	False	0,00	27,24
849	313	348	5,00	1,000	2026-01-05 00:00:00.000	VENDA	1	0,00	5,00	5,00	False	0,00	2,83
850	313	337	20,00	1,000	2026-01-05 00:00:00.000	VENDA	2	0,00	20,00	20,00	False	0,00	9,97
851	313	410	20,00	1,000	2026-01-05 00:00:00.000	VENDA	3	0,00	20,00	20,00	False	0,00	8,89
852	313	361	30,00	1,000	2026-01-05 00:00:00.000	VENDA	4	0,00	30,00	30,00	False	0,00	15,94
853	313	2	15,00	1,000	2026-01-05 00:00:00.000	VENDA	5	0,00	15,00	15,00	False	0,00	9,97
854	313	219	45,00	3,000	2026-01-05 00:00:00.000	VENDA	6	0,00	135,00	135,00	False	0,00	27,24
855	313	412	170,00	1,000	2026-01-05 00:00:00.000	VENDA	7	0,00	170,00	170,00	False	0,00	93,55
856	314	457	450,01	1,000	2026-01-05 00:00:00.000	VENDA	1	0,00	450,01	450,01	False	0,00	296,74
857	314	463	550,00	1,000	2026-01-05 00:00:00.000	VENDA	2	0,00	550,00	550,00	False	0,00	319,00
860	316	460	980,01	1,000	2026-01-06 00:00:00.000	VENDA	1	0,00	980,01	980,01	False	0,00	451,97
861	316	202	60,00	7,000	2026-01-06 00:00:00.000	VENDA	2	0,00	420,00	420,00	False	0,00	32,78
869	317	244	7,00	1,000	2026-01-06 00:00:00.000	VENDA	1	0,00	7,00	7,00	False	0,00	2,99
870	317	248	5,00	1,000	2026-01-06 00:00:00.000	VENDA	2	0,00	5,00	5,00	False	0,00	1,62
883	321	202	60,00	11,000	2026-01-07 00:00:00.000	VENDA	1	0,00	660,00	660,00	False	0,00	32,78
884	322	245	10,00	1,000	2026-01-07 00:00:00.000	VENDA	1	0,00	10,00	10,00	False	0,00	4,09
885	322	348	5,00	1,000	2026-01-07 00:00:00.000	VENDA	2	0,00	5,00	5,00	False	0,00	2,83
886	322	2	15,00	1,000	2026-01-07 00:00:00.000	VENDA	3	0,00	15,00	15,00	False	0,00	9,97
887	322	315	400,00	1,000	2026-01-07 00:00:00.000	VENDA	4	0,00	400,00	400,00	False	0,00	258,76
888	322	144	27,00	1,000	2026-01-07 00:00:00.000	VENDA	5	0,00	27,00	27,00	False	0,00	14,21
889	322	160	40,00	1,000	2026-01-07 00:00:00.000	VENDA	6	0,00	40,00	40,00	False	0,00	24,31
890	322	220	45,00	3,000	2026-01-07 00:00:00.000	VENDA	7	0,00	135,00	135,00	False	0,00	26,03
894	326	141	95,00	1,000	2026-01-07 00:00:00.000	OFICINA	1	0,00	95,00	95,00	False	54,35	54,35
895	326	398	40,00	2,000	2026-01-07 00:00:00.000	OFICINA	2	0,00	80,00	80,00	False	38,82	19,41
1078	326	447	250,00	1,000	2026-01-19 00:00:00.000	OFICINA	21	0,00	250,00	250,00	False	133,44	133,44
2122	644	245	10,00	2,000	2026-04-03 00:00:00.000	OFICINA	1	0,00	20,00	20,00	False	8,18	4,09
898	326	339	22,00	1,000	2026-01-07 00:00:00.000	OFICINA	5	0,00	22,00	22,00	False	11,64	11,64
952	326	444	15,00	1,000	2026-01-08 00:00:00.000	OFICINA	20	0,00	15,00	15,00	False	7,01	7,01
900	326	338	16,00	1,000	2026-01-07 00:00:00.000	OFICINA	7	0,00	16,00	16,00	False	8,85	8,85
901	326	410	20,00	1,000	2026-01-07 00:00:00.000	OFICINA	8	0,00	20,00	20,00	False	8,89	8,89
902	326	182	249,99	1,000	2026-01-07 00:00:00.000	OFICINA	9	0,00	249,99	249,99	False	132,05	132,05
903	326	183	250,00	1,000	2026-01-07 00:00:00.000	OFICINA	10	0,00	250,00	250,00	False	132,38	132,38
904	326	430	102,00	1,000	2026-01-07 00:00:00.000	OFICINA	11	0,00	102,00	102,00	False	56,03	56,03
905	326	431	102,00	1,000	2026-01-07 00:00:00.000	OFICINA	12	0,00	102,00	102,00	False	56,03	56,03
906	326	39	13,00	2,000	2026-01-07 00:00:00.000	OFICINA	13	0,00	26,00	26,00	False	14,38	7,19
907	326	319	135,00	1,000	2026-01-07 00:00:00.000	OFICINA	14	0,00	135,00	135,00	False	72,58	72,58
1320	326	402	57,00	2,000	2026-02-04 00:00:00.000	OFICINA	24	0,00	114,00	114,00	False	56,72	28,36
2123	644	160	40,00	2,000	2026-04-03 00:00:00.000	OFICINA	2	0,00	80,00	80,00	False	55,24	27,62
2125	647	220	40,00	1,000	2026-04-03 00:00:00.000	OFICINA	2	0,00	40,00	40,00	False	26,22	26,22
911	326	270	4,00	1,000	2026-01-07 00:00:00.000	OFICINA	18	0,00	4,00	4,00	False	2,22	2,22
912	326	348	5,00	1,000	2026-01-07 00:00:00.000	OFICINA	19	0,00	5,00	5,00	False	2,99	2,99
913	323	64	90,00	1,000	2026-01-07 00:00:00.000	VENDA	1	0,00	90,00	90,00	False	0,00	49,41
914	323	63	25,00	1,000	2026-01-07 00:00:00.000	VENDA	2	0,00	25,00	25,00	False	0,00	11,45
915	323	61	70,00	1,000	2026-01-07 00:00:00.000	VENDA	3	0,00	70,00	70,00	False	0,00	37,98
916	323	62	185,00	1,000	2026-01-07 00:00:00.000	VENDA	4	0,00	185,00	185,00	False	0,00	102,05
917	323	133	25,00	1,000	2026-01-07 00:00:00.000	VENDA	5	0,00	25,00	25,00	False	0,00	12,39
918	323	60	52,00	8,000	2026-01-07 00:00:00.000	VENDA	6	0,00	416,00	416,00	False	0,00	33,53
919	323	209	310,01	1,000	2026-01-07 00:00:00.000	VENDA	7	0,00	310,01	310,01	False	0,00	170,85
871	317	32	30,00	3,000	2026-01-06 00:00:00.000	VENDA	3	0,00	90,00	90,00	False	0,00	17,26
872	317	301	10,00	3,000	2026-01-06 00:00:00.000	VENDA	4	0,00	30,00	30,00	False	0,00	3,14
873	317	348	5,00	1,000	2026-01-06 00:00:00.000	VENDA	5	0,00	5,00	5,00	False	0,00	2,83
874	317	2	15,00	1,000	2026-01-06 00:00:00.000	VENDA	6	0,00	15,00	15,00	False	0,00	9,97
875	317	68	205,00	1,000	2026-01-06 00:00:00.000	VENDA	7	0,00	205,00	205,00	False	0,00	111,70
876	317	271	0,25	1,000	2026-01-06 00:00:00.000	VENDA	8	0,00	0,25	0,25	False	0,00	0,10
877	317	220	45,00	3,000	2026-01-06 00:00:00.000	VENDA	9	0,00	135,00	135,00	False	0,00	26,03
878	317	455	85,00	1,000	2026-01-06 00:00:00.000	VENDA	10	0,00	85,00	85,00	False	0,00	55,81
2181	667	32	30,00	4,000	2026-04-08 00:00:00.000	OFICINA	1	0,00	120,00	120,00	False	72,00	18,00
2389	731	108	259,99	1,000	2026-04-28 00:00:00.000	OFICINA	15	0,00	259,99	259,99	False	146,13	146,13
2390	731	149	320,00	2,000	2026-04-28 00:00:00.000	OFICINA	16	0,00	640,00	640,00	False	352,46	176,23
2391	731	391	180,00	2,000	2026-04-28 00:00:00.000	OFICINA	17	0,00	360,00	360,00	False	192,44	96,22
2392	731	405	1000,04	1,000	2026-04-28 00:00:00.000	OFICINA	18	0,00	1000,04	1000,04	False	573,12	573,12
2518	768	796	540,00	1,000	2026-05-05 00:00:00.000	OFICINA	4	0,00	540,00	540,00	False	294,60	294,60
2394	742	243	8,00	1,000	2026-04-28 00:00:00.000	OFICINA	1	0,00	8,00	8,00	False	3,22	3,22
2395	743	141	110,00	1,000	2026-04-28 00:00:00.000	OFICINA	1	0,00	110,00	110,00	False	54,35	54,35
2519	768	734	400,00	1,000	2026-05-05 00:00:00.000	OFICINA	5	0,00	400,00	400,00	False	200,13	200,13
2397	731	288	135,00	1,000	2026-04-28 00:00:00.000	OFICINA	21	0,00	135,00	135,00	False	74,09	74,09
2398	731	46	75,00	1,000	2026-04-28 00:00:00.000	OFICINA	22	0,00	75,00	75,00	False	40,15	40,15
2399	731	125	77,00	1,000	2026-04-28 00:00:00.000	OFICINA	23	0,00	77,00	77,00	False	40,48	40,48
2400	731	525	7,00	2,000	2026-04-28 00:00:00.000	OFICINA	24	0,00	14,00	14,00	False	7,02	3,51
2401	731	546	0,80	2,000	2026-04-28 00:00:00.000	OFICINA	25	0,00	1,60	1,60	False	1,02	0,51
2402	746	839	453,90	1,000	2026-04-28 00:00:00.000	OFICINA	1	0,00	453,90	453,90	False	346,00	346,00
2403	731	97	40,00	1,000	2026-04-28 00:00:00.000	OFICINA	26	0,00	40,00	40,00	False	22,19	22,19
2404	731	423	48,00	1,000	2026-04-28 00:00:00.000	OFICINA	27	0,00	48,00	48,00	False	24,41	24,41
2405	730	114	55,00	4,000	2026-04-28 00:00:00.000	OFICINA	13	0,00	220,00	220,00	False	133,48	33,37
2411	731	147	40,00	2,000	2026-04-28 00:00:00.000	OFICINA	28	0,00	80,00	80,00	False	55,40	27,70
954	333	247	7,00	1,000	2026-01-10 00:00:00.000	VENDA	1	0,00	7,00	7,00	False	0,00	2,94
955	333	246	10,00	1,000	2026-01-10 00:00:00.000	VENDA	2	0,00	10,00	10,00	False	0,00	3,81
2407	746	840	75,00	1,000	2026-04-28 00:00:00.000	OFICINA	2	0,00	75,00	75,00	False	68,00	68,00
993	339	242	8,00	1,000	2026-01-12 00:00:00.000	VENDA	1	0,00	8,00	8,00	False	0,00	2,91
994	339	244	7,00	1,000	2026-01-12 00:00:00.000	VENDA	2	0,00	7,00	7,00	False	0,00	2,99
995	341	143	320,00	2,000	2026-01-12 00:00:00.000	VENDA	1	0,00	640,00	640,00	False	0,00	176,99
2408	746	144	27,00	1,000	2026-04-28 00:00:00.000	OFICINA	3	0,00	27,00	27,00	False	14,21	14,21
2409	746	807	8,00	1,000	2026-04-28 00:00:00.000	OFICINA	4	0,00	8,00	8,00	False	4,38	4,38
2410	746	245	10,00	1,000	2026-04-28 00:00:00.000	OFICINA	5	0,00	10,00	10,00	False	4,09	4,09
2520	768	797	60,00	1,000	2026-05-05 00:00:00.000	OFICINA	6	0,00	60,00	60,00	False	29,99	29,99
956	333	248	5,00	1,000	2026-01-10 00:00:00.000	VENDA	3	0,00	5,00	5,00	False	0,00	1,62
957	333	32	30,00	3,000	2026-01-10 00:00:00.000	VENDA	4	0,00	90,00	90,00	False	0,00	17,26
958	333	301	10,00	1,000	2026-01-10 00:00:00.000	VENDA	5	0,00	10,00	10,00	False	0,00	3,14
959	333	131	20,00	1,000	2026-01-10 00:00:00.000	VENDA	6	0,00	20,00	20,00	False	0,00	12,27
970	333	135	40,00	1,000	2026-01-10 00:00:00.000	VENDA	17	0,00	40,00	40,00	False	0,00	24,62
961	333	348	5,00	2,000	2026-01-10 00:00:00.000	VENDA	8	0,00	10,00	10,00	False	0,00	2,83
962	333	2	15,00	1,000	2026-01-10 00:00:00.000	VENDA	9	0,00	15,00	15,00	False	0,00	9,97
963	333	314	30,00	1,000	2026-01-10 00:00:00.000	VENDA	10	0,00	30,00	30,00	False	0,00	16,17
964	333	194	80,00	1,000	2026-01-10 00:00:00.000	VENDA	11	0,00	80,00	80,00	False	0,00	29,24
965	333	164	240,00	1,000	2026-01-10 00:00:00.000	VENDA	12	0,00	240,00	240,00	False	0,00	158,42
966	333	144	27,00	1,000	2026-01-10 00:00:00.000	VENDA	13	0,00	27,00	27,00	False	0,00	14,21
967	333	269	4,00	1,000	2026-01-10 00:00:00.000	VENDA	14	0,00	4,00	4,00	False	0,00	2,22
968	333	160	40,00	1,000	2026-01-10 00:00:00.000	VENDA	15	0,00	40,00	40,00	False	0,00	24,31
969	333	219	45,00	3,000	2026-01-10 00:00:00.000	VENDA	16	0,00	135,00	135,00	False	0,00	27,24
971	335	247	7,00	1,000	2026-01-10 00:00:00.000	VENDA	1	0,00	7,00	7,00	False	0,00	2,94
972	335	248	5,00	1,000	2026-01-10 00:00:00.000	VENDA	2	0,00	5,00	5,00	False	0,00	1,62
973	335	250	4,00	2,000	2026-01-10 00:00:00.000	VENDA	3	0,00	8,00	8,00	False	0,00	1,41
974	335	32	30,00	5,000	2026-01-10 00:00:00.000	VENDA	4	0,00	150,00	150,00	False	0,00	17,26
975	335	131	20,00	1,000	2026-01-10 00:00:00.000	VENDA	5	0,00	20,00	20,00	False	0,00	12,27
978	335	348	5,00	1,000	2026-01-10 00:00:00.000	VENDA	8	0,00	5,00	5,00	False	0,00	2,83
977	335	135	40,00	1,000	2026-01-10 00:00:00.000	VENDA	7	0,00	40,00	40,00	False	0,00	24,62
979	335	227	35,00	1,000	2026-01-10 00:00:00.000	VENDA	9	0,00	35,00	35,00	False	0,00	21,08
980	335	408	3500,01	1,000	2026-01-10 00:00:00.000	VENDA	10	0,00	3500,01	3500,01	False	0,00	1819,13
981	335	473	200,00	1,000	2026-01-10 00:00:00.000	VENDA	11	0,00	200,00	200,00	False	0,00	109,19
982	335	159	40,00	1,000	2026-01-10 00:00:00.000	VENDA	12	0,00	40,00	40,00	False	0,00	25,63
983	335	60	60,00	9,000	2026-01-10 00:00:00.000	VENDA	13	0,00	540,00	540,00	False	0,00	33,53
984	335	71	80,00	1,000	2026-01-10 00:00:00.000	VENDA	14	0,00	80,00	80,00	False	0,00	58,51
985	335	455	85,00	1,000	2026-01-10 00:00:00.000	VENDA	15	0,00	85,00	85,00	False	0,00	55,81
986	335	346	16,00	1,000	2026-01-10 00:00:00.000	VENDA	16	0,00	16,00	16,00	False	0,00	8,46
987	336	343	270,01	1,000	2026-01-10 00:00:00.000	VENDA	1	0,00	270,01	270,01	False	0,00	140,19
988	336	200	110,00	1,000	2026-01-10 00:00:00.000	VENDA	2	0,00	110,00	110,00	False	0,00	56,23
989	336	74	150,00	1,000	2026-01-10 00:00:00.000	VENDA	3	0,00	150,00	150,00	False	0,00	81,67
990	336	359	37,00	1,000	2026-01-10 00:00:00.000	VENDA	4	0,00	37,00	37,00	False	0,00	19,63
991	336	164	240,00	1,000	2026-01-10 00:00:00.000	VENDA	5	0,00	240,00	240,00	False	0,00	158,42
1023	345	341	30,00	1,000	2026-01-13 00:00:00.000	VENDA	1	0,00	30,00	30,00	False	0,00	14,95
1073	361	517	260,01	1,000	2026-01-16 00:00:00.000	VENDA	1	0,00	260,01	260,01	False	0,00	144,40
1068	358	51	242,00	1,000	2026-01-15 00:00:00.000	VENDA	1	0,00	242,00	242,00	False	0,00	134,00
1069	358	60	60,00	7,000	2026-01-15 00:00:00.000	VENDA	2	0,00	420,00	420,00	False	0,00	33,53
1070	359	337	22,00	1,000	2026-01-15 00:00:00.000	VENDA	1	0,00	22,00	22,00	False	0,00	9,97
1071	359	339	22,00	1,000	2026-01-15 00:00:00.000	VENDA	2	0,00	22,00	22,00	False	0,00	11,64
1072	359	224	60,00	4,000	2026-01-15 00:00:00.000	VENDA	3	0,00	240,00	240,00	False	0,00	44,71
1074	361	516	140,00	2,000	2026-01-16 00:00:00.000	VENDA	2	0,00	280,00	280,00	False	0,00	76,57
1075	363	479	119,34	4,000	2026-01-17 00:00:00.000	VENDA	1	0,00	477,36	477,36	False	0,00	119,34
1076	364	316	260,00	1,000	2026-01-17 00:00:00.000	VENDA	1	0,00	260,00	260,00	False	0,00	144,19
1077	364	32	30,00	4,000	2026-01-17 00:00:00.000	VENDA	2	0,00	120,00	120,00	False	0,00	17,26
1081	366	527	400,01	1,000	2026-01-19 00:00:00.000	VENDA	2	0,00	400,01	400,01	False	0,00	221,66
1082	366	175	250,00	1,000	2026-01-19 00:00:00.000	VENDA	3	0,00	250,00	250,00	False	0,00	148,17
1024	345	410	20,00	1,000	2026-01-13 00:00:00.000	VENDA	2	0,00	20,00	20,00	False	0,00	8,89
1025	345	63	22,00	1,000	2026-01-13 00:00:00.000	VENDA	3	0,00	22,00	22,00	False	0,00	11,45
1026	345	2	15,00	1,000	2026-01-13 00:00:00.000	VENDA	4	0,00	15,00	15,00	False	0,00	9,97
1027	345	219	45,00	3,000	2026-01-13 00:00:00.000	VENDA	5	0,00	135,00	135,00	False	0,00	27,24
1028	347	32	30,00	3,000	2026-01-13 00:00:00.000	VENDA	1	0,00	90,00	90,00	False	0,00	17,26
1029	347	74	150,00	1,000	2026-01-13 00:00:00.000	VENDA	2	0,00	150,00	150,00	False	0,00	81,67
1030	347	131	20,00	1,000	2026-01-13 00:00:00.000	VENDA	3	0,00	20,00	20,00	False	0,00	12,27
1031	347	289	140,00	1,000	2026-01-13 00:00:00.000	VENDA	4	0,00	140,00	140,00	False	0,00	77,64
1032	347	392	160,00	2,000	2026-01-13 00:00:00.000	VENDA	5	0,00	320,00	320,00	False	0,00	67,96
1033	347	2	15,00	1,000	2026-01-13 00:00:00.000	VENDA	6	0,00	15,00	15,00	False	0,00	9,97
1034	347	255	5,00	16,000	2026-01-13 00:00:00.000	VENDA	7	0,00	80,00	80,00	False	0,00	2,84
1035	347	404	25,00	1,000	2026-01-13 00:00:00.000	VENDA	8	0,00	25,00	25,00	False	0,00	9,86
1036	347	449	30,00	1,000	2026-01-13 00:00:00.000	VENDA	9	0,00	30,00	30,00	False	0,00	16,21
1037	347	183	250,00	1,000	2026-01-13 00:00:00.000	VENDA	10	0,00	250,00	250,00	False	0,00	129,79
1038	347	220	45,00	3,000	2026-01-13 00:00:00.000	VENDA	11	0,00	135,00	135,00	False	0,00	26,03
1039	347	147	40,00	2,000	2026-01-13 00:00:00.000	VENDA	12	0,00	80,00	80,00	False	0,00	25,57
1040	347	400	82,00	1,000	2026-01-13 00:00:00.000	VENDA	13	0,00	82,00	82,00	False	0,00	42,54
1041	347	445	195,00	1,000	2026-01-13 00:00:00.000	VENDA	14	0,00	195,00	195,00	False	0,00	107,65
1042	347	455	85,00	1,000	2026-01-13 00:00:00.000	VENDA	15	0,00	85,00	85,00	False	0,00	55,81
1043	347	391	190,00	2,000	2026-01-13 00:00:00.000	VENDA	16	0,00	380,00	380,00	False	0,00	86,76
1044	347	360	115,00	1,000	2026-01-13 00:00:00.000	VENDA	17	0,00	115,00	115,00	False	0,00	61,99
1045	347	320	90,00	1,000	2026-01-13 00:00:00.000	VENDA	18	0,00	90,00	90,00	False	0,00	41,50
1046	348	228	30,00	8,000	2026-01-13 00:00:00.000	VENDA	1	0,00	240,00	240,00	False	0,00	17,03
1079	326	447	250,00	1,000	2026-01-19 00:00:00.000	OFICINA	22	0,00	250,00	250,00	False	133,44	133,44
1080	366	526	175,00	1,000	2026-01-19 00:00:00.000	VENDA	1	0,00	175,00	175,00	False	0,00	97,19
2153	660	114	55,00	4,000	2026-04-07 00:00:00.000	OFICINA	2	0,00	220,00	220,00	False	133,48	33,37
2154	654	160	40,00	2,000	2026-04-07 00:00:00.000	OFICINA	5	0,00	80,00	80,00	False	55,24	27,62
2155	654	545	5,00	1,000	2026-04-07 00:00:00.000	OFICINA	6	0,00	5,00	5,00	False	25,00	25,00
2156	654	546	0,80	1,000	2026-04-07 00:00:00.000	OFICINA	7	0,00	0,80	0,80	False	0,51	0,51
2167	659	133	48,00	1,000	2026-04-08 00:00:00.000	OFICINA	8	0,00	48,00	48,00	False	12,39	12,39
2158	659	64	120,00	1,000	2026-04-07 00:00:00.000	OFICINA	2	0,00	120,00	120,00	False	48,24	48,24
2168	659	63	43,00	1,000	2026-04-08 00:00:00.000	OFICINA	9	0,00	43,00	43,00	False	11,45	11,45
2169	659	61	105,00	1,000	2026-04-08 00:00:00.000	OFICINA	10	0,00	105,00	105,00	False	37,98	37,98
1095	370	471	215,00	1,000	2026-01-20 00:00:00.000	VENDA	1	0,00	215,00	215,00	False	0,00	111,28
1096	370	316	260,00	1,000	2026-01-20 00:00:00.000	VENDA	2	0,00	260,00	260,00	False	0,00	144,19
1097	370	72	105,00	1,000	2026-01-20 00:00:00.000	VENDA	3	0,00	105,00	105,00	False	0,00	54,18
2170	659	60	54,00	8,000	2026-04-08 00:00:00.000	OFICINA	11	0,00	432,00	432,00	False	294,24	36,78
2171	659	605	1090,00	1,000	2026-04-08 00:00:00.000	OFICINA	12	0,00	1090,00	1090,00	False	568,71	568,71
2177	659	140	140,00	1,000	2026-04-08 00:00:00.000	OFICINA	16	0,00	140,00	140,00	False	99,75	99,75
2164	656	392	160,00	2,000	2026-04-07 00:00:00.000	OFICINA	1	0,00	320,00	320,00	False	131,64	65,82
2166	662	283	249,99	1,000	2026-04-08 00:00:00.000	OFICINA	2	0,00	249,99	249,99	False	139,49	139,49
2173	659	213	25,00	1,000	2026-04-08 00:00:00.000	OFICINA	14	0,00	25,00	25,00	False	10,93	10,93
2178	664	275	13,00	1,000	2026-04-08 00:00:00.000	OFICINA	3	0,00	13,00	13,00	False	7,26	7,26
2175	664	269	4,00	1,000	2026-04-08 00:00:00.000	OFICINA	1	0,00	4,00	4,00	False	2,22	2,22
2176	664	348	5,00	1,000	2026-04-08 00:00:00.000	OFICINA	2	0,00	5,00	5,00	False	2,99	2,99
2179	664	593	105,00	1,000	2026-04-08 00:00:00.000	OFICINA	4	0,00	105,00	105,00	False	58,18	58,18
2180	654	733	140,00	1,000	2026-04-08 00:00:00.000	OFICINA	8	0,00	140,00	140,00	False	95,00	95,00
2184	667	739	120,00	1,000	2026-04-09 00:00:00.000	OFICINA	2	0,00	120,00	120,00	False	90,00	90,00
2186	673	348	5,00	1,000	2026-04-10 00:00:00.000	OFICINA	2	0,00	5,00	5,00	False	2,99	2,99
2187	674	740	70,00	2,000	2026-04-10 00:00:00.000	OFICINA	1	0,00	140,00	140,00	False	87,34	43,67
1154	326	443	87,00	2,000	2026-01-22 00:00:00.000	OFICINA	23	0,00	174,00	174,00	False	96,14	48,07
2188	673	741	340,00	1,000	2026-04-10 00:00:00.000	OFICINA	3	0,00	340,00	340,00	False	250,00	250,00
2189	663	592	370,00	1,000	2026-04-10 00:00:00.000	OFICINA	1	0,00	370,00	370,00	False	158,96	158,96
2190	673	742	850,00	1,000	2026-04-10 00:00:00.000	OFICINA	4	0,00	850,00	850,00	False	400,92	400,92
2191	668	114	55,00	1,000	2026-04-10 00:00:00.000	OFICINA	1	0,00	55,00	55,00	False	33,37	33,37
2192	676	628	1109,99	1,000	2026-04-10 00:00:00.000	OFICINA	1	0,00	1109,99	1109,99	False	617,04	617,04
2193	676	500	300,00	1,000	2026-04-10 00:00:00.000	OFICINA	2	0,00	300,00	300,00	False	167,16	167,16
2194	676	2	19,00	1,000	2026-04-10 00:00:00.000	OFICINA	3	0,00	19,00	19,00	False	8,83	8,83
2195	676	305	265,90	1,000	2026-04-10 00:00:00.000	OFICINA	4	0,00	265,90	265,90	False	147,72	147,72
2196	676	304	250,90	1,000	2026-04-10 00:00:00.000	OFICINA	5	0,00	250,90	250,90	False	138,98	138,98
2197	676	190	500,00	1,000	2026-04-10 00:00:00.000	OFICINA	6	0,00	500,00	500,00	False	258,07	258,07
2198	676	219	45,00	3,000	2026-04-10 00:00:00.000	OFICINA	7	0,00	135,00	135,00	False	88,83	29,61
2199	676	74	178,00	1,000	2026-04-10 00:00:00.000	OFICINA	8	0,00	178,00	178,00	False	97,37	97,37
1115	372	79	190,00	1,000	2026-01-20 00:00:00.000	VENDA	1	0,00	190,00	190,00	False	0,00	105,43
1116	373	64	120,00	1,000	2026-01-20 00:00:00.000	VENDA	1	0,00	120,00	120,00	False	0,00	48,24
1117	373	63	35,00	1,000	2026-01-20 00:00:00.000	VENDA	2	0,00	35,00	35,00	False	0,00	11,45
1118	373	62	195,00	1,000	2026-01-20 00:00:00.000	VENDA	3	0,00	195,00	195,00	False	0,00	102,05
1119	373	61	97,00	1,000	2026-01-20 00:00:00.000	VENDA	4	0,00	97,00	97,00	False	0,00	37,98
1120	373	133	42,00	1,000	2026-01-20 00:00:00.000	VENDA	5	0,00	42,00	42,00	False	0,00	12,39
1121	373	60	52,00	8,000	2026-01-20 00:00:00.000	VENDA	6	0,00	416,00	416,00	False	0,00	33,53
1122	374	392	160,00	2,000	2026-01-20 00:00:00.000	VENDA	1	0,00	320,00	320,00	False	0,00	75,31
1123	374	52	120,00	1,000	2026-01-20 00:00:00.000	VENDA	2	0,00	120,00	120,00	False	0,00	65,61
1124	374	222	80,00	2,000	2026-01-20 00:00:00.000	VENDA	3	0,00	160,00	160,00	False	0,00	43,46
1125	374	114	55,00	4,000	2026-01-20 00:00:00.000	VENDA	4	0,00	220,00	220,00	False	0,00	31,29
1126	374	412	170,00	1,000	2026-01-20 00:00:00.000	VENDA	5	0,00	170,00	170,00	False	0,00	93,55
1127	374	108	260,00	1,000	2026-01-20 00:00:00.000	VENDA	6	0,00	260,00	260,00	False	0,00	142,23
2206	678	453	60,00	2,000	2026-04-11 00:00:00.000	OFICINA	2	0,00	120,00	120,00	False	52,60	26,30
2207	678	637	1150,00	1,000	2026-04-11 00:00:00.000	OFICINA	3	0,00	1150,00	1150,00	False	768,81	768,81
2208	678	638	299,99	2,000	2026-04-11 00:00:00.000	OFICINA	4	0,00	599,98	599,98	False	352,52	176,26
2209	678	639	220,00	1,000	2026-04-11 00:00:00.000	OFICINA	5	0,00	220,00	220,00	False	123,70	123,70
2210	680	227	30,00	1,000	2026-04-11 00:00:00.000	OFICINA	1	0,00	30,00	30,00	False	21,08	21,08
1155	379	124	120,00	1,000	2026-01-22 00:00:00.000	VENDA	1	0,00	120,00	120,00	False	0,00	65,64
1156	379	348	5,00	2,000	2026-01-22 00:00:00.000	VENDA	2	0,00	10,00	10,00	False	0,00	3,24
1157	379	227	35,00	2,000	2026-01-22 00:00:00.000	VENDA	3	0,00	70,00	70,00	False	0,00	21,08
1158	379	222	80,00	4,000	2026-01-22 00:00:00.000	VENDA	4	0,00	320,00	320,00	False	0,00	43,46
1159	379	76	400,00	1,000	2026-01-22 00:00:00.000	VENDA	5	0,00	400,00	400,00	False	0,00	208,55
1160	380	319	135,00	1,000	2026-01-22 00:00:00.000	VENDA	1	0,00	135,00	135,00	False	0,00	72,58
2211	684	705	205,00	1,000	2026-04-11 00:00:00.000	OFICINA	1	0,00	205,00	205,00	False	113,70	113,70
1162	381	407	160,00	2,000	2026-01-22 00:00:00.000	VENDA	1	0,00	320,00	320,00	False	0,00	79,70
1163	381	122	40,00	2,000	2026-01-22 00:00:00.000	VENDA	2	0,00	80,00	80,00	False	0,00	20,00
1164	381	231	12,00	4,000	2026-01-22 00:00:00.000	VENDA	3	0,00	48,00	48,00	False	0,00	6,65
1165	381	132	20,00	1,000	2026-01-22 00:00:00.000	VENDA	4	0,00	20,00	20,00	False	0,00	9,07
2212	682	595	235,00	1,000	2026-04-11 00:00:00.000	OFICINA	1	0,00	235,00	235,00	False	129,15	129,15
2213	670	751	650,00	1,000	2026-04-11 00:00:00.000	OFICINA	2	0,00	650,00	650,00	False	350,00	350,00
1168	381	124	120,00	2,000	2026-01-22 00:00:00.000	VENDA	5	0,00	240,00	240,00	False	0,00	65,64
1169	381	541	78,00	2,000	2026-01-22 00:00:00.000	VENDA	6	0,00	156,00	156,00	False	0,00	45,60
1170	381	540	80,00	2,000	2026-01-22 00:00:00.000	VENDA	7	0,00	160,00	160,00	False	0,00	40,05
1171	381	140	180,00	1,000	2026-01-22 00:00:00.000	VENDA	8	0,00	180,00	180,00	False	0,00	96,88
1172	381	227	35,00	2,000	2026-01-22 00:00:00.000	VENDA	9	0,00	70,00	70,00	False	0,00	21,08
1173	381	159	40,00	2,000	2026-01-22 00:00:00.000	VENDA	10	0,00	80,00	80,00	False	0,00	25,63
1174	381	209	320,00	1,000	2026-01-22 00:00:00.000	VENDA	11	0,00	320,00	320,00	False	0,00	176,11
1175	381	76	400,00	1,000	2026-01-22 00:00:00.000	VENDA	12	0,00	400,00	400,00	False	0,00	208,55
1176	381	155	300,00	2,000	2026-01-22 00:00:00.000	VENDA	13	0,00	600,00	600,00	False	0,00	162,22
1177	381	406	150,00	2,000	2026-01-22 00:00:00.000	VENDA	14	0,00	300,00	300,00	False	0,00	68,42
1178	383	348	5,00	2,000	2026-01-22 00:00:00.000	VENDA	1	0,00	10,00	10,00	False	0,00	3,24
1179	383	62	195,00	1,000	2026-01-22 00:00:00.000	VENDA	2	0,00	195,00	195,00	False	0,00	102,05
1180	383	49	200,00	1,000	2026-01-22 00:00:00.000	VENDA	3	0,00	200,00	200,00	False	0,00	94,77
1181	383	60	60,00	7,000	2026-01-22 00:00:00.000	VENDA	4	0,00	420,00	420,00	False	0,00	33,53
1184	386	32	30,00	3,000	2026-01-23 00:00:00.000	VENDA	1	0,00	90,00	90,00	False	0,00	17,26
2215	686	99	107,00	1,000	2026-04-13 00:00:00.000	OFICINA	2	0,00	107,00	107,00	False	58,53	58,53
1185	386	301	10,00	1,000	2026-01-23 00:00:00.000	VENDA	2	0,00	10,00	10,00	False	0,00	3,14
1186	386	249	5,00	7,000	2026-01-23 00:00:00.000	VENDA	3	0,00	35,00	35,00	False	0,00	1,62
1187	386	242	8,00	3,000	2026-01-23 00:00:00.000	VENDA	4	0,00	24,00	24,00	False	0,00	2,91
2216	686	471	215,00	1,000	2026-04-13 00:00:00.000	OFICINA	3	0,00	215,00	215,00	False	111,28	111,28
1198	387	301	10,00	1,000	2026-01-23 00:00:00.000	VENDA	1	0,00	10,00	10,00	False	0,00	3,14
2217	686	72	105,00	1,000	2026-04-13 00:00:00.000	OFICINA	4	0,00	105,00	105,00	False	54,18	54,18
2218	687	252	3,50	1,000	2026-04-13 00:00:00.000	OFICINA	1	0,00	3,50	3,50	False	1,48	1,48
2219	686	756	30,00	4,000	2026-04-13 00:00:00.000	OFICINA	5	0,00	120,00	120,00	False	46,56	11,64
2220	686	348	5,00	1,000	2026-04-13 00:00:00.000	OFICINA	6	0,00	5,00	5,00	False	2,99	2,99
2221	686	32	30,00	4,000	2026-04-13 00:00:00.000	OFICINA	7	0,00	120,00	120,00	False	72,00	18,00
2222	687	227	30,00	1,000	2026-04-13 00:00:00.000	OFICINA	2	0,00	30,00	30,00	False	21,08	21,08
2223	687	402	57,00	1,000	2026-04-13 00:00:00.000	OFICINA	3	0,00	57,00	57,00	False	28,36	28,36
1209	394	323	335,00	1,000	2026-01-26 00:00:00.000	VENDA	1	0,00	335,00	335,00	False	0,00	181,80
2224	687	319	135,00	1,000	2026-04-13 00:00:00.000	OFICINA	4	0,00	135,00	135,00	False	72,58	72,58
1210	394	507	230,00	1,000	2026-01-26 00:00:00.000	VENDA	2	0,00	230,00	230,00	False	0,00	116,18
1211	394	220	45,00	1,000	2026-01-26 00:00:00.000	VENDA	3	0,00	45,00	45,00	False	0,00	26,03
2233	686	676	300,00	1,000	2026-04-14 00:00:00.000	OFICINA	8	0,00	300,00	300,00	False	150,82	150,82
2234	686	99	107,00	1,000	2026-04-14 00:00:00.000	OFICINA	9	0,00	107,00	107,00	False	58,53	58,53
2235	691	761	150,00	1,000	2026-04-14 00:00:00.000	OFICINA	2	0,00	150,00	150,00	False	100,00	100,00
2236	691	762	80,00	1,000	2026-04-14 00:00:00.000	OFICINA	3	0,00	80,00	80,00	False	40,00	40,00
2242	691	220	40,00	2,000	2026-04-14 00:00:00.000	OFICINA	6	0,00	80,00	80,00	False	52,44	26,22
2238	693	76	400,01	1,000	2026-04-14 00:00:00.000	OFICINA	1	0,00	400,01	400,01	False	223,31	223,31
2239	693	209	340,00	1,000	2026-04-14 00:00:00.000	OFICINA	2	0,00	340,00	340,00	False	172,46	172,46
2240	693	155	330,00	2,000	2026-04-14 00:00:00.000	OFICINA	3	0,00	660,00	660,00	False	299,78	149,89
2241	691	226	30,00	1,000	2026-04-14 00:00:00.000	OFICINA	5	0,00	30,00	30,00	False	15,49	15,49
1212	394	455	85,00	1,000	2026-01-26 00:00:00.000	VENDA	4	0,00	85,00	85,00	False	0,00	55,81
1213	394	2	15,00	1,000	2026-01-26 00:00:00.000	VENDA	5	0,00	15,00	15,00	False	0,00	9,40
1214	394	361	30,00	1,000	2026-01-26 00:00:00.000	VENDA	6	0,00	30,00	30,00	False	0,00	15,94
1215	394	410	20,00	1,000	2026-01-26 00:00:00.000	VENDA	7	0,00	20,00	20,00	False	0,00	8,89
1216	394	505	15,00	1,000	2026-01-26 00:00:00.000	VENDA	8	0,00	15,00	15,00	False	0,00	7,69
1217	395	407	160,00	2,000	2026-01-26 00:00:00.000	VENDA	1	0,00	320,00	320,00	False	0,00	79,70
1218	395	540	80,00	1,000	2026-01-26 00:00:00.000	VENDA	2	0,00	80,00	80,00	False	0,00	40,05
1219	395	64	120,00	1,000	2026-01-26 00:00:00.000	VENDA	3	0,00	120,00	120,00	False	0,00	48,24
1220	395	63	35,00	1,000	2026-01-26 00:00:00.000	VENDA	4	0,00	35,00	35,00	False	0,00	11,45
1221	395	61	97,00	1,000	2026-01-26 00:00:00.000	VENDA	5	0,00	97,00	97,00	False	0,00	37,98
1222	395	133	42,00	1,000	2026-01-26 00:00:00.000	VENDA	6	0,00	42,00	42,00	False	0,00	12,39
1223	395	417	305,00	1,000	2026-01-26 00:00:00.000	VENDA	7	0,00	305,00	305,00	False	0,00	168,92
1224	395	60	52,00	8,000	2026-01-26 00:00:00.000	VENDA	8	0,00	416,00	416,00	False	0,00	36,06
1225	395	420	260,00	1,000	2026-01-26 00:00:00.000	VENDA	9	0,00	260,00	260,00	False	0,00	109,53
1226	395	137	110,00	2,000	2026-01-26 00:00:00.000	VENDA	10	0,00	220,00	220,00	False	0,00	59,96
1227	395	406	150,00	2,000	2026-01-26 00:00:00.000	VENDA	11	0,00	300,00	300,00	False	0,00	68,42
1228	396	32	30,00	4,000	2026-01-26 00:00:00.000	VENDA	1	0,00	120,00	120,00	False	0,00	17,26
1229	396	133	42,00	1,000	2026-01-26 00:00:00.000	VENDA	2	0,00	42,00	42,00	False	0,00	12,39
1230	396	499	97,00	1,000	2026-01-26 00:00:00.000	VENDA	3	0,00	97,00	97,00	False	0,00	53,36
1231	396	316	255,00	1,000	2026-01-26 00:00:00.000	VENDA	4	0,00	255,00	255,00	False	0,00	144,19
1232	396	68	205,00	1,000	2026-01-26 00:00:00.000	VENDA	5	0,00	205,00	205,00	False	0,00	111,70
1233	396	485	75,00	1,000	2026-01-26 00:00:00.000	VENDA	6	0,00	75,00	75,00	False	0,00	37,15
1234	396	269	4,00	2,000	2026-01-26 00:00:00.000	VENDA	7	0,00	8,00	8,00	False	0,00	2,22
1235	396	177	40,00	4,000	2026-01-26 00:00:00.000	VENDA	8	0,00	160,00	160,00	False	0,00	23,33
1236	396	468	410,01	1,000	2026-01-26 00:00:00.000	VENDA	9	0,00	410,01	410,01	False	0,00	227,09
1237	396	472	40,00	4,000	2026-01-26 00:00:00.000	VENDA	10	0,00	160,00	160,00	False	0,00	21,57
1238	397	558	1000,00	4,000	2026-01-26 00:00:00.000	VENDA	1	0,00	4000,00	4000,00	False	0,00	700,00
2243	691	525	7,00	18,000	2026-04-14 00:00:00.000	OFICINA	7	0,00	126,00	126,00	False	63,18	3,51
1242	405	339	22,00	1,000	2026-01-28 00:00:00.000	OFICINA	1	0,00	22,00	22,00	False	11,64	11,64
1243	405	410	20,00	1,000	2026-01-28 00:00:00.000	OFICINA	2	0,00	20,00	20,00	False	8,89	8,89
1244	405	409	25,00	1,000	2026-01-28 00:00:00.000	OFICINA	3	0,00	25,00	25,00	False	11,48	11,48
1245	405	411	55,00	1,000	2026-01-28 00:00:00.000	OFICINA	4	0,00	55,00	55,00	False	28,23	28,23
1246	405	114	55,00	4,000	2026-01-28 00:00:00.000	OFICINA	5	0,00	220,00	220,00	False	133,48	33,37
2244	691	763	80,00	1,000	2026-04-14 00:00:00.000	OFICINA	8	0,00	80,00	80,00	False	45,00	45,00
2246	692	752	370,01	1,000	2026-04-15 00:00:00.000	OFICINA	2	0,00	370,01	370,01	False	203,86	203,86
2247	692	370	465,00	2,000	2026-04-15 00:00:00.000	OFICINA	3	0,00	930,00	930,00	False	515,26	257,63
2248	692	363	269,99	2,000	2026-04-15 00:00:00.000	OFICINA	4	0,00	539,98	539,98	False	281,36	140,68
2249	692	595	235,00	1,000	2026-04-15 00:00:00.000	OFICINA	5	0,00	235,00	235,00	False	129,15	129,15
2250	692	709	370,00	2,000	2026-04-15 00:00:00.000	OFICINA	6	0,00	740,00	740,00	False	373,70	186,85
2251	692	770	80,00	8,000	2026-04-15 00:00:00.000	OFICINA	7	0,00	640,00	640,00	False	337,60	42,20
2252	692	771	65,00	8,000	2026-04-15 00:00:00.000	OFICINA	8	0,00	520,00	520,00	False	273,60	34,20
2253	692	631	110,00	1,000	2026-04-15 00:00:00.000	OFICINA	9	0,00	110,00	110,00	False	45,88	45,88
2254	692	627	110,00	1,000	2026-04-15 00:00:00.000	OFICINA	10	0,00	110,00	110,00	False	45,88	45,88
2255	692	768	210,00	2,000	2026-04-15 00:00:00.000	OFICINA	11	0,00	420,00	420,00	False	230,84	115,42
2256	636	81	280,00	2,000	2026-04-15 00:00:00.000	OFICINA	12	0,00	560,00	560,00	False	302,28	151,14
1259	413	58	85,00	1,000	2026-01-30 00:00:00.000	VENDA	1	0,00	85,00	85,00	False	0,00	42,00
1260	413	559	45,00	4,000	2026-01-30 00:00:00.000	VENDA	2	0,00	180,00	180,00	False	0,00	32,67
1261	415	450	410,00	2,000	2026-01-30 00:00:00.000	VENDA	1	0,00	820,00	820,00	False	0,00	208,30
1262	416	252	3,50	2,000	2026-01-30 00:00:00.000	VENDA	1	0,00	7,00	7,00	False	0,00	1,48
1263	416	440	57,00	1,000	2026-01-30 00:00:00.000	VENDA	2	0,00	57,00	57,00	False	0,00	30,08
1264	416	591	120,00	1,000	2026-01-30 00:00:00.000	VENDA	3	0,00	120,00	120,00	False	0,00	80,00
1265	416	2	15,00	1,000	2026-01-30 00:00:00.000	VENDA	4	0,00	15,00	15,00	False	0,00	9,40
1266	416	145	450,00	1,000	2026-01-30 00:00:00.000	VENDA	5	0,00	450,00	450,00	False	0,00	259,09
1267	416	160	40,00	2,000	2026-01-30 00:00:00.000	VENDA	6	0,00	80,00	80,00	False	0,00	24,31
1268	416	220	40,00	3,000	2026-01-30 00:00:00.000	VENDA	7	0,00	120,00	120,00	False	0,00	26,03
1269	416	376	160,00	2,000	2026-01-30 00:00:00.000	VENDA	8	0,00	320,00	320,00	False	0,00	81,80
1270	416	455	85,00	1,000	2026-01-30 00:00:00.000	VENDA	9	0,00	85,00	85,00	False	0,00	55,81
1271	418	220	40,00	1,000	2026-01-30 00:00:00.000	VENDA	1	0,00	40,00	40,00	False	0,00	26,03
2279	703	348	5,00	1,000	2026-04-17 00:00:00.000	OFICINA	2	0,00	5,00	5,00	False	2,99	2,99
2260	664	747	140,00	1,000	2026-04-16 00:00:00.000	OFICINA	7	0,00	140,00	140,00	False	73,28	73,28
2261	698	218	30,00	2,000	2026-04-16 00:00:00.000	OFICINA	1	0,00	60,00	60,00	False	37,64	18,82
1275	419	41	105,00	2,000	2026-01-31 00:00:00.000	VENDA	1	0,00	210,00	210,00	False	0,00	58,49
1276	419	40	125,00	2,000	2026-01-31 00:00:00.000	VENDA	2	0,00	250,00	250,00	False	0,00	69,56
1277	419	410	20,00	1,000	2026-01-31 00:00:00.000	VENDA	3	0,00	20,00	20,00	False	0,00	8,89
1278	419	64	120,00	1,000	2026-01-31 00:00:00.000	VENDA	4	0,00	120,00	120,00	False	0,00	48,24
1279	419	63	35,00	1,000	2026-01-31 00:00:00.000	VENDA	5	0,00	35,00	35,00	False	0,00	11,45
1280	419	133	42,00	1,000	2026-01-31 00:00:00.000	VENDA	6	0,00	42,00	42,00	False	0,00	12,39
1281	419	137	110,00	2,000	2026-01-31 00:00:00.000	VENDA	7	0,00	220,00	220,00	False	0,00	59,96
2262	698	416	2,50	2,000	2026-04-16 00:00:00.000	OFICINA	2	0,00	5,00	5,00	False	2,70	1,35
2263	699	219	45,00	3,000	2026-04-16 00:00:00.000	OFICINA	1	0,00	135,00	135,00	False	88,83	29,61
2264	699	2	19,00	1,000	2026-04-16 00:00:00.000	OFICINA	2	0,00	19,00	19,00	False	8,83	8,83
2265	699	409	25,00	1,000	2026-04-16 00:00:00.000	OFICINA	3	0,00	25,00	25,00	False	11,48	11,48
2266	699	341	30,00	1,000	2026-04-16 00:00:00.000	OFICINA	4	0,00	30,00	30,00	False	14,95	14,95
2267	699	449	30,00	2,000	2026-04-16 00:00:00.000	OFICINA	5	0,00	60,00	60,00	False	32,42	16,21
2268	699	74	178,00	1,000	2026-04-16 00:00:00.000	OFICINA	6	0,00	178,00	178,00	False	97,37	97,37
2269	699	645	220,00	1,000	2026-04-16 00:00:00.000	OFICINA	7	0,00	220,00	220,00	False	67,08	67,08
2270	699	612	17,00	1,000	2026-04-16 00:00:00.000	OFICINA	8	0,00	17,00	17,00	False	9,04	9,04
2271	664	487	15,00	1,000	2026-04-16 00:00:00.000	OFICINA	8	0,00	15,00	15,00	False	8,15	8,15
1294	424	362	215,00	2,000	2026-02-02 00:00:00.000	VENDA	1	0,00	430,00	430,00	False	0,00	116,83
1295	425	348	5,00	1,000	2026-02-02 00:00:00.000	VENDA	1	0,00	5,00	5,00	False	0,00	3,24
1296	425	160	40,00	3,000	2026-02-02 00:00:00.000	VENDA	2	0,00	120,00	120,00	False	0,00	24,31
1297	425	455	85,00	1,000	2026-02-02 00:00:00.000	VENDA	3	0,00	85,00	85,00	False	0,00	55,81
1298	425	246	10,00	3,000	2026-02-02 00:00:00.000	VENDA	4	0,00	30,00	30,00	False	0,00	3,81
2272	664	178	30,00	4,000	2026-04-16 00:00:00.000	OFICINA	9	0,00	120,00	120,00	False	66,00	16,50
2273	664	348	5,00	1,000	2026-04-16 00:00:00.000	OFICINA	10	0,00	5,00	5,00	False	2,99	2,99
2274	664	131	20,00	1,000	2026-04-16 00:00:00.000	OFICINA	11	0,00	20,00	20,00	False	12,27	12,27
2275	664	71	97,00	1,000	2026-04-16 00:00:00.000	OFICINA	12	0,00	97,00	97,00	False	60,13	60,13
1321	326	325	230,00	2,000	2026-02-04 00:00:00.000	OFICINA	25	0,00	460,00	460,00	False	229,08	114,54
1305	428	288	135,00	1,000	2026-02-03 00:00:00.000	VENDA	1	0,00	135,00	135,00	False	0,00	74,09
1306	428	452	235,00	1,000	2026-02-03 00:00:00.000	VENDA	2	0,00	235,00	235,00	False	0,00	127,98
2277	702	776	512,01	1,000	2026-04-17 00:00:00.000	OFICINA	2	0,00	512,01	512,01	False	283,55	283,55
2280	703	451	180,00	1,000	2026-04-17 00:00:00.000	OFICINA	3	0,00	180,00	180,00	False	79,08	79,08
2281	704	314	30,00	1,000	2026-04-17 00:00:00.000	OFICINA	1	0,00	30,00	30,00	False	16,17	16,17
1312	431	75	100,00	1,000	2026-02-03 00:00:00.000	VENDA	1	0,00	100,00	100,00	False	0,00	54,59
1313	431	32	30,00	4,000	2026-02-03 00:00:00.000	VENDA	2	0,00	120,00	120,00	False	0,00	17,26
2282	705	545	30,00	4,000	2026-04-17 00:00:00.000	OFICINA	1	0,00	120,00	120,00	False	100,00	25,00
2303	701	244	7,00	1,000	2026-04-21 00:00:00.000	OFICINA	17	0,00	7,00	7,00	False	2,99	2,99
1322	326	511	72,00	1,000	2026-02-04 00:00:00.000	OFICINA	26	0,00	72,00	72,00	False	37,95	37,95
1323	326	510	70,00	1,000	2026-02-04 00:00:00.000	OFICINA	27	0,00	70,00	70,00	False	37,95	37,95
1327	405	228	30,00	4,000	2026-02-04 00:00:00.000	OFICINA	6	0,00	120,00	120,00	False	70,76	17,69
1328	405	217	25,00	1,000	2026-02-04 00:00:00.000	OFICINA	7	0,00	25,00	25,00	False	18,00	18,00
1329	405	46	75,00	1,000	2026-02-05 00:00:00.000	OFICINA	8	0,00	75,00	75,00	False	40,15	40,15
1330	405	306	35,00	1,000	2026-02-05 00:00:00.000	OFICINA	9	0,00	35,00	35,00	False	16,94	16,94
1331	405	453	50,00	2,000	2026-02-05 00:00:00.000	OFICINA	10	0,00	100,00	100,00	False	52,60	26,30
1332	405	217	25,00	1,000	2026-02-05 00:00:00.000	OFICINA	11	0,00	25,00	25,00	False	18,00	18,00
1337	326	369	100,00	1,000	2026-02-05 00:00:00.000	OFICINA	28	0,00	100,00	100,00	False	52,00	52,00
1338	326	553	120,00	1,000	2026-02-05 00:00:00.000	OFICINA	29	0,00	120,00	120,00	False	65,11	65,11
1339	405	603	1299,99	1,000	2026-02-06 00:00:00.000	OFICINA	12	0,00	1299,99	1299,99	False	685,61	685,61
1342	437	62	195,00	1,000	2026-02-06 00:00:00.000	VENDA	3	0,00	195,00	195,00	False	0,00	102,05
1343	437	227	35,00	2,000	2026-02-06 00:00:00.000	VENDA	4	0,00	70,00	70,00	False	0,00	21,08
2304	701	755	95,00	1,000	2026-04-21 00:00:00.000	OFICINA	18	0,00	95,00	95,00	False	51,46	51,46
2305	713	212	20,00	1,000	2026-04-21 00:00:00.000	OFICINA	1	0,00	20,00	20,00	False	9,06	9,06
2321	723	53	80,00	1,000	2026-04-23 00:00:00.000	OFICINA	2	0,00	80,00	80,00	False	43,58	43,58
2322	723	764	200,00	1,000	2026-04-23 00:00:00.000	OFICINA	3	0,00	200,00	200,00	False	106,72	106,72
1340	437	364	120,00	2,000	2026-02-06 00:00:00.000	VENDA	1	0,00	240,00	240,00	False	0,00	60,21
1341	437	348	5,00	1,000	2026-02-06 00:00:00.000	VENDA	2	0,00	5,00	5,00	False	0,00	3,24
1344	437	592	400,00	1,000	2026-02-06 00:00:00.000	VENDA	5	0,00	400,00	400,00	False	0,00	158,96
1345	437	49	200,00	1,000	2026-02-06 00:00:00.000	VENDA	6	0,00	200,00	200,00	False	0,00	94,77
1346	437	60	60,00	8,000	2026-02-06 00:00:00.000	VENDA	7	0,00	480,00	480,00	False	0,00	36,06
1347	437	209	320,00	1,000	2026-02-06 00:00:00.000	VENDA	8	0,00	320,00	320,00	False	0,00	176,11
1348	438	228	25,00	5,000	2026-02-06 00:00:00.000	VENDA	1	0,00	125,00	125,00	False	0,00	17,03
1349	438	30	172,90	1,000	2026-02-06 00:00:00.000	VENDA	2	0,00	172,90	172,90	False	0,00	123,50
1768	440	348	5,00	2,000	2026-03-03 00:00:00.000	OFICINA	5	0,00	10,00	10,00	False	5,98	2,99
2323	723	348	5,00	1,000	2026-04-23 00:00:00.000	OFICINA	4	0,00	5,00	5,00	False	2,99	2,99
1353	440	455	85,00	1,000	2026-02-06 00:00:00.000	OFICINA	2	0,00	85,00	85,00	False	55,81	55,81
1769	551	158	350,00	2,000	2026-03-03 00:00:00.000	OFICINA	1	0,00	700,00	700,00	False	340,00	170,00
2324	723	680	60,00	2,000	2026-04-23 00:00:00.000	OFICINA	5	0,00	120,00	120,00	False	67,68	33,84
1360	439	220	40,00	3,000	2026-02-06 00:00:00.000	VENDA	1	0,00	120,00	120,00	False	0,00	26,03
1361	439	338	16,00	1,000	2026-02-06 00:00:00.000	VENDA	2	0,00	16,00	16,00	False	0,00	8,85
1362	439	2	15,00	1,000	2026-02-06 00:00:00.000	VENDA	3	0,00	15,00	15,00	False	0,00	9,40
1363	440	225	120,00	3,000	2026-02-07 00:00:00.000	OFICINA	4	0,00	360,00	360,00	False	228,12	76,04
1364	405	602	120,00	2,000	2026-02-07 00:00:00.000	OFICINA	13	0,00	240,00	240,00	False	137,98	68,99
1366	443	32	30,00	4,000	2026-02-07 00:00:00.000	VENDA	1	0,00	120,00	120,00	False	0,00	17,26
1367	443	453	50,00	2,000	2026-02-07 00:00:00.000	VENDA	2	0,00	100,00	100,00	False	0,00	26,30
1368	443	217	25,00	1,000	2026-02-07 00:00:00.000	VENDA	3	0,00	25,00	25,00	False	0,00	18,00
1369	443	411	55,00	1,000	2026-02-07 00:00:00.000	VENDA	4	0,00	55,00	55,00	False	0,00	28,23
1370	443	409	25,00	1,000	2026-02-07 00:00:00.000	VENDA	5	0,00	25,00	25,00	False	0,00	11,48
1371	443	410	20,00	1,000	2026-02-07 00:00:00.000	VENDA	6	0,00	20,00	20,00	False	0,00	8,89
1372	443	339	22,00	1,000	2026-02-07 00:00:00.000	VENDA	7	0,00	22,00	22,00	False	0,00	11,64
1373	443	602	120,00	2,000	2026-02-07 00:00:00.000	VENDA	8	0,00	240,00	240,00	False	0,00	66,34
1374	443	306	35,00	1,000	2026-02-07 00:00:00.000	VENDA	9	0,00	35,00	35,00	False	0,00	16,94
1375	443	603	1299,99	1,000	2026-02-07 00:00:00.000	VENDA	10	0,00	1299,99	1299,99	False	0,00	685,61
1376	443	114	55,00	4,000	2026-02-07 00:00:00.000	VENDA	11	0,00	220,00	220,00	False	0,00	31,29
1377	443	46	75,00	1,000	2026-02-07 00:00:00.000	VENDA	12	0,00	75,00	75,00	False	0,00	40,15
1378	445	469	45,00	1,000	2026-02-07 00:00:00.000	VENDA	1	0,00	45,00	45,00	False	0,00	23,81
2200	676	173	60,00	1,000	2026-04-10 00:00:00.000	OFICINA	9	0,00	60,00	60,00	False	32,31	32,31
1384	448	381	220,00	2,000	2026-02-09 00:00:00.000	VENDA	1	0,00	440,00	440,00	False	0,00	127,52
1385	449	398	40,00	2,000	2026-02-09 00:00:00.000	VENDA	1	0,00	80,00	80,00	False	0,00	17,80
1386	449	141	110,00	1,000	2026-02-09 00:00:00.000	VENDA	2	0,00	110,00	110,00	False	0,00	54,44
1387	449	142	120,00	1,000	2026-02-09 00:00:00.000	VENDA	3	0,00	120,00	120,00	False	0,00	54,96
1388	449	341	30,00	1,000	2026-02-09 00:00:00.000	VENDA	4	0,00	30,00	30,00	False	0,00	14,95
1389	449	367	210,00	1,000	2026-02-09 00:00:00.000	VENDA	5	0,00	210,00	210,00	False	0,00	115,56
1390	449	469	45,00	1,000	2026-02-09 00:00:00.000	VENDA	6	0,00	45,00	45,00	False	0,00	23,81
1391	449	437	67,00	1,000	2026-02-09 00:00:00.000	VENDA	7	0,00	67,00	67,00	False	0,00	37,15
1401	453	131	20,00	3,000	2026-02-10 00:00:00.000	VENDA	1	0,00	60,00	60,00	False	0,00	12,27
1402	453	135	40,00	3,000	2026-02-10 00:00:00.000	VENDA	2	0,00	120,00	120,00	False	0,00	24,62
1403	453	326	90,00	1,000	2026-02-10 00:00:00.000	VENDA	3	0,00	90,00	90,00	False	0,00	46,57
1404	453	348	5,00	1,000	2026-02-10 00:00:00.000	VENDA	4	0,00	5,00	5,00	False	0,00	3,24
1405	453	604	1649,99	1,000	2026-02-10 00:00:00.000	VENDA	5	0,00	1649,99	1649,99	False	0,00	911,70
1406	453	60	60,00	4,000	2026-02-10 00:00:00.000	VENDA	6	0,00	240,00	240,00	False	0,00	36,06
1407	453	455	85,00	1,000	2026-02-10 00:00:00.000	VENDA	7	0,00	85,00	85,00	False	0,00	55,81
1408	454	219	45,00	1,000	2026-02-10 00:00:00.000	VENDA	1	0,00	45,00	45,00	False	0,00	27,24
2225	688	127	265,00	2,000	2026-04-13 00:00:00.000	OFICINA	1	0,00	530,00	530,00	False	297,90	148,95
2257	692	134	75,00	1,000	2026-04-15 00:00:00.000	OFICINA	12	0,00	75,00	75,00	False	44,39	44,39
2336	730	171	75,00	2,000	2026-04-24 00:00:00.000	OFICINA	6	0,00	150,00	150,00	False	63,68	31,84
2439	709	178	30,00	4,000	2026-04-29 00:00:00.000	OFICINA	4	0,00	120,00	120,00	False	66,00	16,50
2440	709	252	3,50	2,000	2026-04-29 00:00:00.000	OFICINA	5	0,00	7,00	7,00	False	2,96	1,48
2441	709	642	30,00	4,000	2026-04-29 00:00:00.000	OFICINA	6	0,00	120,00	120,00	False	77,36	19,34
1419	457	52	120,00	1,000	2026-02-10 00:00:00.000	OFICINA	1	0,00	120,00	120,00	False	53,42	53,42
1420	457	579	15,00	1,000	2026-02-10 00:00:00.000	OFICINA	2	0,00	15,00	15,00	False	7,95	7,95
1440	457	114	55,00	4,000	2026-02-10 00:00:00.000	OFICINA	13	0,00	220,00	220,00	False	133,48	33,37
1422	457	20	65,00	2,000	2026-02-10 00:00:00.000	OFICINA	4	0,00	130,00	130,00	False	70,78	35,39
1423	457	453	50,00	2,000	2026-02-10 00:00:00.000	OFICINA	5	0,00	100,00	100,00	False	52,60	26,30
1424	457	362	215,00	2,000	2026-02-10 00:00:00.000	OFICINA	6	0,00	430,00	430,00	False	248,86	124,43
1425	457	348	5,00	1,000	2026-02-10 00:00:00.000	OFICINA	7	0,00	5,00	5,00	False	2,99	2,99
1426	457	323	335,00	1,000	2026-02-10 00:00:00.000	OFICINA	8	0,00	335,00	335,00	False	181,80	181,80
2442	709	194	100,00	1,000	2026-04-29 00:00:00.000	OFICINA	7	0,00	100,00	100,00	False	29,24	29,24
1428	457	132	20,00	1,000	2026-02-10 00:00:00.000	OFICINA	9	0,00	20,00	20,00	False	9,07	9,07
1429	457	391	196,00	2,000	2026-02-10 00:00:00.000	OFICINA	10	0,00	392,00	392,00	False	192,44	96,22
1430	459	32	30,00	2,000	2026-02-10 00:00:00.000	VENDA	1	0,00	60,00	60,00	False	0,00	17,26
1431	459	301	10,00	2,000	2026-02-10 00:00:00.000	VENDA	2	0,00	20,00	20,00	False	0,00	3,14
1432	459	75	100,00	1,000	2026-02-10 00:00:00.000	VENDA	3	0,00	100,00	100,00	False	0,00	54,59
1433	459	348	5,00	1,000	2026-02-10 00:00:00.000	VENDA	4	0,00	5,00	5,00	False	0,00	3,24
1434	459	557	200,00	1,000	2026-02-10 00:00:00.000	VENDA	5	0,00	200,00	200,00	False	0,00	106,97
1435	459	320	90,00	1,000	2026-02-10 00:00:00.000	VENDA	6	0,00	90,00	90,00	False	0,00	41,50
1436	457	222	80,00	2,000	2026-02-10 00:00:00.000	OFICINA	11	0,00	160,00	160,00	False	86,92	43,46
1437	460	174	280,00	1,000	2026-02-10 00:00:00.000	OFICINA	1	0,00	280,00	280,00	False	127,28	127,28
1438	460	225	120,00	2,000	2026-02-10 00:00:00.000	OFICINA	2	0,00	240,00	240,00	False	152,08	76,04
1439	457	32	30,00	1,000	2026-02-10 00:00:00.000	OFICINA	12	0,00	30,00	30,00	False	18,00	18,00
1441	461	339	22,00	1,000	2026-02-10 00:00:00.000	VENDA	1	0,00	22,00	22,00	False	0,00	11,64
1442	461	410	20,00	1,000	2026-02-10 00:00:00.000	VENDA	2	0,00	20,00	20,00	False	0,00	8,89
1443	461	409	25,00	1,000	2026-02-10 00:00:00.000	VENDA	3	0,00	25,00	25,00	False	0,00	11,48
1444	461	338	16,00	1,000	2026-02-10 00:00:00.000	VENDA	4	0,00	16,00	16,00	False	0,00	8,85
1445	461	220	40,00	3,000	2026-02-10 00:00:00.000	VENDA	5	0,00	120,00	120,00	False	0,00	26,03
1446	463	114	55,00	1,000	2026-02-11 00:00:00.000	VENDA	1	0,00	55,00	55,00	False	0,00	31,29
1447	460	522	0,80	1,000	2026-02-11 00:00:00.000	OFICINA	3	0,00	0,80	0,80	False	0,45	0,45
1448	460	131	20,00	1,000	2026-02-11 00:00:00.000	OFICINA	4	0,00	20,00	20,00	False	12,27	12,27
1449	464	225	120,00	2,000	2026-02-11 00:00:00.000	VENDA	1	0,00	240,00	240,00	False	0,00	74,13
1450	464	174	280,00	1,000	2026-02-11 00:00:00.000	VENDA	2	0,00	280,00	280,00	False	0,00	156,13
1451	464	131	20,00	1,000	2026-02-11 00:00:00.000	VENDA	3	0,00	20,00	20,00	False	0,00	12,27
1452	464	523	0,40	1,000	2026-02-11 00:00:00.000	VENDA	4	0,00	0,40	0,40	False	0,00	0,26
1459	470	605	1020,01	1,000	2026-02-11 00:00:00.000	VENDA	1	0,00	1020,01	1020,01	False	0,00	559,49
1462	473	476	45,00	1,000	2026-02-12 00:00:00.000	VENDA	1	0,00	45,00	45,00	False	0,00	23,35
1463	473	383	22,00	1,000	2026-02-12 00:00:00.000	VENDA	2	0,00	22,00	22,00	False	0,00	11,07
1464	473	410	20,00	1,000	2026-02-12 00:00:00.000	VENDA	3	0,00	20,00	20,00	False	0,00	8,89
1465	473	386	24,00	1,000	2026-02-12 00:00:00.000	VENDA	4	0,00	24,00	24,00	False	0,00	12,77
1466	473	562	50,00	3,000	2026-02-12 00:00:00.000	VENDA	5	0,00	150,00	150,00	False	0,00	30,14
1467	474	398	40,00	2,000	2026-02-12 00:00:00.000	VENDA	1	0,00	80,00	80,00	False	0,00	17,80
1468	474	141	110,00	1,000	2026-02-12 00:00:00.000	VENDA	2	0,00	110,00	110,00	False	0,00	54,44
1469	474	142	120,00	2,000	2026-02-12 00:00:00.000	VENDA	3	0,00	240,00	240,00	False	0,00	54,96
1470	474	341	30,00	1,000	2026-02-12 00:00:00.000	VENDA	4	0,00	30,00	30,00	False	0,00	14,95
1471	474	367	210,00	1,000	2026-02-12 00:00:00.000	VENDA	5	0,00	210,00	210,00	False	0,00	115,56
1472	474	469	45,00	1,000	2026-02-12 00:00:00.000	VENDA	6	0,00	45,00	45,00	False	0,00	23,81
1474	476	32	30,00	1,000	2026-02-12 00:00:00.000	VENDA	1	0,00	30,00	30,00	False	0,00	17,26
1475	476	453	50,00	2,000	2026-02-12 00:00:00.000	VENDA	2	0,00	100,00	100,00	False	0,00	26,30
1476	476	132	20,00	1,000	2026-02-12 00:00:00.000	VENDA	3	0,00	20,00	20,00	False	0,00	9,07
1477	476	362	215,00	2,000	2026-02-12 00:00:00.000	VENDA	4	0,00	430,00	430,00	False	0,00	124,43
1478	476	348	5,00	1,000	2026-02-12 00:00:00.000	VENDA	5	0,00	5,00	5,00	False	0,00	3,24
1479	476	323	335,00	1,000	2026-02-12 00:00:00.000	VENDA	6	0,00	335,00	335,00	False	0,00	181,80
2423	745	818	75,00	2,000	2026-04-29 00:00:00.000	OFICINA	4	0,00	150,00	150,00	False	41,54	20,77
1473	475	114	55,00	4,000	2026-02-12 00:00:00.000	VENDA	1	0,00	220,00	220,00	False	0,00	31,29
1480	476	52	120,00	1,000	2026-02-12 00:00:00.000	VENDA	7	0,00	120,00	120,00	False	0,00	65,61
1481	476	20	65,00	2,000	2026-02-12 00:00:00.000	VENDA	8	0,00	130,00	130,00	False	0,00	35,39
1482	476	579	15,00	1,000	2026-02-12 00:00:00.000	VENDA	9	0,00	15,00	15,00	False	0,00	7,95
1483	476	222	80,00	2,000	2026-02-12 00:00:00.000	VENDA	10	0,00	160,00	160,00	False	0,00	43,46
1484	476	114	55,00	4,000	2026-02-12 00:00:00.000	VENDA	11	0,00	220,00	220,00	False	0,00	31,29
1485	476	391	196,00	2,000	2026-02-12 00:00:00.000	VENDA	12	0,00	392,00	392,00	False	0,00	96,22
1488	477	150	950,00	1,000	2026-02-12 00:00:00.000	VENDA	3	0,00	950,00	950,00	False	0,00	508,54
1487	477	151	950,01	1,000	2026-02-12 00:00:00.000	VENDA	2	0,00	950,01	950,01	False	0,00	498,85
1489	477	453	50,00	2,000	2026-02-12 00:00:00.000	VENDA	4	0,00	100,00	100,00	False	0,00	26,30
1490	477	442	75,00	2,000	2026-02-12 00:00:00.000	VENDA	5	0,00	150,00	150,00	False	0,00	16,86
1491	477	345	2000,00	1,000	2026-02-12 00:00:00.000	VENDA	6	0,00	2000,00	2000,00	False	0,00	1280,43
1492	477	402	57,00	2,000	2026-02-12 00:00:00.000	VENDA	7	0,00	114,00	114,00	False	0,00	28,36
1493	477	348	5,00	1,000	2026-02-12 00:00:00.000	VENDA	8	0,00	5,00	5,00	False	0,00	3,24
1494	477	227	35,00	1,000	2026-02-12 00:00:00.000	VENDA	9	0,00	35,00	35,00	False	0,00	21,08
1495	477	323	335,00	1,000	2026-02-12 00:00:00.000	VENDA	10	0,00	335,00	335,00	False	0,00	181,80
1496	477	494	189,90	1,000	2026-02-12 00:00:00.000	VENDA	11	0,00	189,90	189,90	False	0,00	95,00
1499	326	582	65,00	2,000	2026-02-13 00:00:00.000	OFICINA	32	0,00	130,00	130,00	False	68,98	34,49
1498	326	484	87,00	1,000	2026-02-13 00:00:00.000	OFICINA	31	0,00	87,00	87,00	False	47,35	47,35
2424	745	412	185,00	1,000	2026-04-29 00:00:00.000	OFICINA	5	0,00	185,00	185,00	False	103,23	103,23
2129	651	398	35,00	2,000	2026-04-06 00:00:00.000	OFICINA	2	0,00	70,00	70,00	False	38,82	19,41
2130	651	171	75,00	2,000	2026-04-06 00:00:00.000	OFICINA	3	0,00	150,00	150,00	False	63,68	31,84
2131	651	46	75,00	1,000	2026-04-06 00:00:00.000	OFICINA	4	0,00	75,00	75,00	False	40,15	40,15
2132	651	125	77,00	1,000	2026-04-06 00:00:00.000	OFICINA	5	0,00	77,00	77,00	False	40,48	40,48
2425	745	108	259,99	1,000	2026-04-29 00:00:00.000	OFICINA	6	0,00	259,99	259,99	False	146,13	146,13
2134	651	596	950,01	1,000	2026-04-06 00:00:00.000	OFICINA	7	0,00	950,01	950,01	False	532,28	532,28
2135	651	150	950,00	1,000	2026-04-06 00:00:00.000	OFICINA	8	0,00	950,00	950,00	False	527,24	527,24
1508	481	213	25,00	2,000	2026-02-13 00:00:00.000	VENDA	1	0,00	50,00	50,00	False	0,00	10,93
2136	651	151	950,01	1,000	2026-04-06 00:00:00.000	OFICINA	9	0,00	950,01	950,01	False	522,56	522,56
2137	651	71	97,00	1,000	2026-04-06 00:00:00.000	OFICINA	10	0,00	97,00	97,00	False	60,13	60,13
2138	651	727	110,00	1,000	2026-04-06 00:00:00.000	OFICINA	11	0,00	110,00	110,00	False	100,00	100,00
1512	485	359	37,00	1,000	2026-02-16 00:00:00.000	VENDA	1	0,00	37,00	37,00	False	0,00	19,63
1513	485	32	30,00	3,000	2026-02-16 00:00:00.000	VENDA	2	0,00	90,00	90,00	False	0,00	17,26
1514	485	367	210,00	1,000	2026-02-16 00:00:00.000	VENDA	3	0,00	210,00	210,00	False	0,00	115,56
2139	651	362	215,00	2,000	2026-04-06 00:00:00.000	OFICINA	12	0,00	430,00	430,00	False	248,86	124,43
1516	486	132	20,00	1,000	2026-02-16 00:00:00.000	VENDA	2	0,00	20,00	20,00	False	0,00	9,07
2140	651	207	54,00	2,000	2026-04-06 00:00:00.000	OFICINA	13	0,00	108,00	108,00	False	57,08	28,54
2141	608	159	40,00	1,000	2026-04-06 00:00:00.000	OFICINA	16	0,00	40,00	40,00	False	25,63	25,63
1522	489	607	130,00	1,000	2026-02-16 00:00:00.000	VENDA	1	39,00	130,00	91,00	False	0,00	71,38
1523	490	91	60,00	1,000	2026-02-16 00:00:00.000	VENDA	1	0,00	60,00	60,00	False	0,00	31,65
1524	326	581	65,00	1,000	2026-02-16 00:00:00.000	OFICINA	33	0,00	65,00	65,00	False	34,10	34,10
2142	653	228	30,00	2,000	2026-04-06 00:00:00.000	OFICINA	1	0,00	60,00	60,00	False	35,38	17,69
2143	653	252	3,50	2,000	2026-04-06 00:00:00.000	OFICINA	2	0,00	7,00	7,00	False	2,96	1,48
1546	492	219	45,00	3,000	2026-02-17 00:00:00.000	VENDA	1	0,00	135,00	135,00	False	0,00	27,24
1553	492	315	470,01	1,000	2026-02-17 00:00:00.000	VENDA	8	0,00	470,01	470,01	False	0,00	265,45
1548	492	147	40,00	2,000	2026-02-17 00:00:00.000	VENDA	3	0,00	80,00	80,00	False	0,00	25,57
1549	492	337	22,00	1,000	2026-02-17 00:00:00.000	VENDA	4	0,00	22,00	22,00	False	0,00	9,97
1550	492	2	19,00	1,000	2026-02-17 00:00:00.000	VENDA	5	0,00	19,00	19,00	False	0,00	10,29
1551	492	410	20,00	1,000	2026-02-17 00:00:00.000	VENDA	6	0,00	20,00	20,00	False	0,00	8,89
1552	492	341	30,00	1,000	2026-02-17 00:00:00.000	VENDA	7	0,00	30,00	30,00	False	0,00	14,95
1554	492	348	5,00	1,000	2026-02-17 00:00:00.000	VENDA	9	0,00	5,00	5,00	False	0,00	3,24
1555	492	455	85,00	1,000	2026-02-17 00:00:00.000	VENDA	10	0,00	85,00	85,00	False	0,00	55,81
1558	493	545	5,00	5,000	2026-02-17 00:00:00.000	VENDA	1	0,00	25,00	25,00	False	0,00	2,65
1559	493	544	0,60	8,000	2026-02-17 00:00:00.000	VENDA	2	0,00	4,80	4,80	False	0,00	0,33
1560	493	546	0,80	4,000	2026-02-17 00:00:00.000	VENDA	3	0,00	3,20	3,20	False	0,00	0,51
1561	491	132	20,00	1,000	2026-02-17 00:00:00.000	OFICINA	14	0,00	20,00	20,00	False	9,07	9,07
1562	491	131	20,00	1,000	2026-02-17 00:00:00.000	OFICINA	15	0,00	20,00	20,00	False	12,27	12,27
1563	491	135	40,00	1,000	2026-02-17 00:00:00.000	OFICINA	16	0,00	40,00	40,00	False	24,62	24,62
1564	491	348	5,00	1,000	2026-02-17 00:00:00.000	OFICINA	17	0,00	5,00	5,00	False	2,99	2,99
1565	495	269	4,00	1,000	2026-02-17 00:00:00.000	VENDA	1	0,00	4,00	4,00	False	0,00	2,22
2144	654	730	235,00	1,000	2026-04-06 00:00:00.000	OFICINA	1	0,00	235,00	235,00	False	129,36	129,36
2145	654	731	260,00	1,000	2026-04-06 00:00:00.000	OFICINA	2	0,00	260,00	260,00	False	129,41	129,41
1525	326	245	10,00	1,000	2026-02-16 00:00:00.000	OFICINA	34	0,00	10,00	10,00	False	4,09	4,09
1526	326	249	5,00	1,000	2026-02-16 00:00:00.000	OFICINA	35	0,00	5,00	5,00	False	1,62	1,62
2124	647	401	82,00	1,000	2026-04-03 00:00:00.000	OFICINA	1	0,00	82,00	82,00	False	41,94	41,94
1528	491	610	22,00	1,000	2026-02-16 00:00:00.000	OFICINA	1	0,00	22,00	22,00	False	13,18	13,18
1529	491	615	60,00	1,000	2026-02-16 00:00:00.000	OFICINA	2	0,00	60,00	60,00	False	31,86	31,86
1530	491	599	95,00	2,000	2026-02-16 00:00:00.000	OFICINA	3	0,00	190,00	190,00	False	101,04	50,52
1531	491	611	160,00	4,000	2026-02-16 00:00:00.000	OFICINA	4	0,00	640,00	640,00	False	346,36	86,59
1542	491	598	223,00	1,000	2026-02-16 00:00:00.000	OFICINA	12	0,00	223,00	223,00	False	148,76	148,76
1543	491	597	133,00	1,000	2026-02-16 00:00:00.000	OFICINA	13	0,00	133,00	133,00	False	88,77	88,77
2126	648	228	30,00	2,000	2026-04-03 00:00:00.000	OFICINA	1	0,00	60,00	60,00	False	35,38	17,69
1618	506	401	82,00	1,000	2026-02-18 00:00:00.000	VENDA	1	0,00	82,00	82,00	False	0,00	41,94
1536	326	545	5,00	2,000	2026-02-16 00:00:00.000	OFICINA	36	0,00	10,00	10,00	False	50,00	25,00
1537	326	522	0,80	3,000	2026-02-16 00:00:00.000	OFICINA	37	0,00	2,40	2,40	False	1,35	0,45
1538	326	620	60,00	1,000	2026-02-16 00:00:00.000	OFICINA	38	0,00	60,00	60,00	False	33,26	33,26
1539	491	114	55,00	5,000	2026-02-16 00:00:00.000	OFICINA	9	0,00	275,00	275,00	False	166,85	33,37
1540	491	2	19,00	1,000	2026-02-16 00:00:00.000	OFICINA	10	0,00	19,00	19,00	False	8,83	8,83
1541	491	410	20,00	1,000	2026-02-16 00:00:00.000	OFICINA	11	0,00	20,00	20,00	False	8,89	8,89
2127	648	301	10,00	2,000	2026-04-03 00:00:00.000	OFICINA	2	0,00	20,00	20,00	False	6,28	3,14
2201	676	645	160,55	1,000	2026-04-10 00:00:00.000	OFICINA	10	0,00	160,55	160,55	False	67,08	67,08
2202	676	303	95,00	1,000	2026-04-10 00:00:00.000	OFICINA	11	0,00	95,00	95,00	False	51,12	51,12
2203	676	71	97,00	1,000	2026-04-10 00:00:00.000	OFICINA	12	0,00	97,00	97,00	False	60,13	60,13
1574	496	176	15,00	1,000	2026-02-17 00:00:00.000	VENDA	1	0,00	15,00	15,00	False	0,00	5,23
2204	676	445	200,00	1,000	2026-04-10 00:00:00.000	OFICINA	13	0,00	200,00	200,00	False	102,59	102,59
2226	689	759	385,01	1,000	2026-04-13 00:00:00.000	OFICINA	1	0,00	385,01	385,01	False	211,65	211,65
2230	689	202	60,00	10,000	2026-04-13 00:00:00.000	OFICINA	5	0,00	600,00	600,00	False	372,40	37,24
2228	689	348	5,00	1,000	2026-04-13 00:00:00.000	OFICINA	3	0,00	5,00	5,00	False	2,99	2,99
2229	689	470	45,00	1,000	2026-04-13 00:00:00.000	OFICINA	4	0,00	45,00	45,00	False	21,87	21,87
2231	687	760	290,00	1,000	2026-04-13 00:00:00.000	OFICINA	5	0,00	290,00	290,00	False	210,00	210,00
1581	497	32	30,00	3,000	2026-02-17 00:00:00.000	VENDA	1	0,00	90,00	90,00	False	0,00	17,26
1582	497	220	40,00	3,000	2026-02-17 00:00:00.000	VENDA	2	0,00	120,00	120,00	False	0,00	26,03
1583	497	2	19,00	1,000	2026-02-17 00:00:00.000	VENDA	3	0,00	19,00	19,00	False	0,00	10,29
2427	745	52	120,00	1,000	2026-04-29 00:00:00.000	OFICINA	8	0,00	120,00	120,00	False	53,42	53,42
2428	745	150	950,03	1,000	2026-04-29 00:00:00.000	OFICINA	9	0,00	950,03	950,03	False	527,24	527,24
2429	745	151	950,01	1,000	2026-04-29 00:00:00.000	OFICINA	10	0,00	950,01	950,01	False	522,56	522,56
2430	709	271	0,25	1,000	2026-04-29 00:00:00.000	OFICINA	3	0,00	0,25	0,25	False	0,10	0,10
2435	731	324	220,00	2,000	2026-04-29 00:00:00.000	OFICINA	34	0,00	440,00	440,00	False	344,10	172,05
2434	731	381	190,00	2,000	2026-04-29 00:00:00.000	OFICINA	33	0,00	380,00	380,00	False	255,04	127,52
2436	731	392	130,00	2,000	2026-04-29 00:00:00.000	OFICINA	35	0,00	260,00	260,00	False	131,64	65,82
2437	740	54	87,00	1,000	2026-04-29 00:00:00.000	OFICINA	5	0,00	87,00	87,00	False	48,14	48,14
1594	499	46	75,00	1,000	2026-02-17 00:00:00.000	VENDA	1	0,00	75,00	75,00	False	0,00	40,15
1595	501	56	265,00	1,000	2026-02-18 00:00:00.000	OFICINA	1	0,00	265,00	265,00	False	146,66	146,66
1596	501	561	78,00	7,000	2026-02-18 00:00:00.000	OFICINA	2	0,00	546,00	546,00	False	419,30	59,90
1597	502	400	82,00	1,000	2026-02-18 00:00:00.000	VENDA	1	0,00	82,00	82,00	False	0,00	42,54
1598	503	32	30,00	3,000	2026-02-18 00:00:00.000	VENDA	1	0,00	90,00	90,00	False	0,00	17,26
1599	503	301	10,00	2,000	2026-02-18 00:00:00.000	VENDA	2	0,00	20,00	20,00	False	0,00	3,14
1600	503	593	105,00	1,000	2026-02-18 00:00:00.000	VENDA	3	0,00	105,00	105,00	False	0,00	58,18
1601	503	614	85,00	1,000	2026-02-18 00:00:00.000	VENDA	4	0,00	85,00	85,00	False	0,00	46,50
1602	503	91	60,00	1,000	2026-02-18 00:00:00.000	VENDA	5	0,00	60,00	60,00	False	0,00	31,65
1603	503	618	290,00	1,000	2026-02-18 00:00:00.000	VENDA	6	0,00	290,00	290,00	False	0,00	162,64
1604	501	419	265,01	1,000	2026-02-18 00:00:00.000	OFICINA	3	0,00	265,01	265,01	False	142,86	142,86
1605	504	43	70,00	1,000	2026-02-18 00:00:00.000	VENDA	1	0,00	70,00	70,00	False	0,00	41,78
1606	504	348	5,00	1,000	2026-02-18 00:00:00.000	VENDA	2	0,00	5,00	5,00	False	0,00	3,24
1607	504	127	265,00	1,000	2026-02-18 00:00:00.000	VENDA	3	0,00	265,00	265,00	False	0,00	145,16
1608	504	118	100,00	2,000	2026-02-18 00:00:00.000	VENDA	4	0,00	200,00	200,00	False	0,00	48,21
1609	504	78	110,00	1,000	2026-02-18 00:00:00.000	VENDA	5	0,00	110,00	110,00	False	0,00	61,08
1610	505	32	30,00	2,000	2026-02-18 00:00:00.000	VENDA	1	0,00	60,00	60,00	False	0,00	17,26
1611	505	228	30,00	1,000	2026-02-18 00:00:00.000	VENDA	2	0,00	30,00	30,00	False	0,00	17,69
1612	505	301	10,00	1,000	2026-02-18 00:00:00.000	VENDA	3	0,00	10,00	10,00	False	0,00	3,14
1613	501	368	250,00	1,000	2026-02-18 00:00:00.000	OFICINA	4	0,00	250,00	250,00	False	155,50	155,50
1614	501	365	270,00	1,000	2026-02-18 00:00:00.000	OFICINA	5	0,00	270,00	270,00	False	143,13	143,13
1631	512	301	10,00	9,000	2026-02-19 00:00:00.000	VENDA	1	0,00	90,00	90,00	False	0,00	3,14
1632	513	160	40,00	1,000	2026-02-19 00:00:00.000	VENDA	1	0,00	40,00	40,00	False	0,00	24,31
1633	516	172	240,00	1,000	2026-02-20 00:00:00.000	OFICINA	1	0,00	240,00	240,00	False	148,09	148,09
1615	501	627	110,00	1,000	2026-02-18 00:00:00.000	OFICINA	6	0,00	110,00	110,00	False	45,88	45,88
1616	501	625	105,00	1,000	2026-02-18 00:00:00.000	OFICINA	7	0,00	105,00	105,00	False	57,51	57,51
1617	501	626	250,00	1,000	2026-02-18 00:00:00.000	OFICINA	8	0,00	250,00	250,00	False	115,04	115,04
1619	326	87	60,00	1,000	2026-02-18 00:00:00.000	OFICINA	39	0,00	60,00	60,00	False	30,74	30,74
1621	509	626	250,00	1,000	2026-02-19 00:00:00.000	VENDA	2	0,00	250,00	250,00	False	0,00	140,00
1622	509	627	110,00	1,000	2026-02-19 00:00:00.000	VENDA	3	0,00	110,00	110,00	False	0,00	75,00
1634	516	619	240,00	1,000	2026-02-20 00:00:00.000	OFICINA	2	0,00	240,00	240,00	False	156,58	156,58
1635	516	71	97,00	1,000	2026-02-20 00:00:00.000	OFICINA	3	0,00	97,00	97,00	False	60,13	60,13
1636	516	2	19,00	1,000	2026-02-20 00:00:00.000	OFICINA	4	0,00	19,00	19,00	False	8,83	8,83
1637	516	445	195,00	1,000	2026-02-20 00:00:00.000	OFICINA	5	0,00	195,00	195,00	False	102,59	102,59
1638	516	348	5,00	1,000	2026-02-20 00:00:00.000	OFICINA	6	0,00	5,00	5,00	False	2,99	2,99
1639	516	67	150,00	1,000	2026-02-20 00:00:00.000	OFICINA	7	0,00	150,00	150,00	False	82,38	82,38
1640	516	335	520,01	1,000	2026-02-20 00:00:00.000	OFICINA	8	0,00	520,01	520,01	False	270,36	270,36
1641	516	220	40,00	3,000	2026-02-20 00:00:00.000	OFICINA	9	0,00	120,00	120,00	False	78,66	26,22
1642	516	621	315,00	1,000	2026-02-20 00:00:00.000	OFICINA	10	0,00	315,00	315,00	False	174,66	174,66
1643	516	628	234,50	4,000	2026-02-20 00:00:00.000	OFICINA	11	0,00	938,00	938,00	False	2468,16	617,04
1644	517	173	60,00	1,000	2026-02-20 00:00:00.000	VENDA	1	0,00	60,00	60,00	False	0,00	27,52
1645	516	135	40,00	1,000	2026-02-20 00:00:00.000	OFICINA	12	0,00	40,00	40,00	False	24,62	24,62
1646	516	271	0,25	1,000	2026-02-20 00:00:00.000	OFICINA	13	0,00	0,25	0,25	False	0,10	0,10
1647	518	364	120,00	2,000	2026-02-20 00:00:00.000	VENDA	1	0,00	240,00	240,00	False	0,00	60,21
1648	518	348	5,00	1,000	2026-02-20 00:00:00.000	VENDA	2	0,00	5,00	5,00	False	0,00	3,24
1649	518	62	195,00	1,000	2026-02-20 00:00:00.000	VENDA	3	0,00	195,00	195,00	False	0,00	102,05
1650	518	227	35,00	1,000	2026-02-20 00:00:00.000	VENDA	4	0,00	35,00	35,00	False	0,00	21,08
1651	518	592	400,00	1,000	2026-02-20 00:00:00.000	VENDA	5	0,00	400,00	400,00	False	0,00	158,96
1652	518	49	200,00	1,000	2026-02-20 00:00:00.000	VENDA	6	0,00	200,00	200,00	False	0,00	94,77
1653	518	60	60,00	8,000	2026-02-20 00:00:00.000	VENDA	7	0,00	480,00	480,00	False	0,00	36,41
1654	518	209	320,00	1,000	2026-02-20 00:00:00.000	VENDA	8	0,00	320,00	320,00	False	0,00	176,11
1655	516	131	20,00	1,000	2026-02-20 00:00:00.000	OFICINA	14	0,00	20,00	20,00	False	12,27	12,27
2379	731	337	22,00	1,000	2026-04-27 00:00:00.000	OFICINA	10	0,00	22,00	22,00	False	9,97	9,97
2380	731	645	220,00	1,000	2026-04-27 00:00:00.000	OFICINA	11	0,00	220,00	220,00	False	67,08	67,08
1660	516	173	60,00	1,000	2026-02-21 00:00:00.000	OFICINA	15	0,00	60,00	60,00	False	32,31	32,31
1661	516	75	100,00	1,000	2026-02-21 00:00:00.000	OFICINA	16	0,00	100,00	100,00	False	54,59	54,59
1662	516	632	434,99	1,000	2026-02-21 00:00:00.000	OFICINA	17	0,00	434,99	434,99	False	240,94	240,94
1663	521	207	54,00	1,000	2026-02-21 00:00:00.000	VENDA	1	0,00	54,00	54,00	False	0,00	28,54
1664	521	630	525,00	1,000	2026-02-21 00:00:00.000	VENDA	2	0,00	525,00	525,00	False	0,00	351,24
1665	522	487	15,00	1,000	2026-02-21 00:00:00.000	VENDA	1	0,29	15,00	14,71	False	0,00	8,15
1666	522	559	48,00	5,000	2026-02-21 00:00:00.000	VENDA	2	4,71	240,00	235,29	False	0,00	32,67
2381	731	132	20,00	1,000	2026-04-27 00:00:00.000	OFICINA	12	0,00	20,00	20,00	False	9,07	9,07
2382	727	132	20,00	1,000	2026-04-27 00:00:00.000	OFICINA	13	0,00	20,00	20,00	False	9,07	9,07
2383	731	117	100,00	2,000	2026-04-27 00:00:00.000	OFICINA	13	0,00	200,00	200,00	False	109,40	54,70
2384	731	398	35,00	2,000	2026-04-27 00:00:00.000	OFICINA	14	0,00	70,00	70,00	False	38,82	19,41
1671	491	608	280,00	2,000	2026-02-23 00:00:00.000	OFICINA	18	0,00	560,00	560,00	False	386,00	193,00
2385	739	155	330,00	2,000	2026-04-27 00:00:00.000	OFICINA	6	0,00	660,00	660,00	False	299,78	149,89
2386	739	45	90,00	2,000	2026-04-27 00:00:00.000	OFICINA	7	0,00	180,00	180,00	False	100,14	50,07
1674	524	28	45,00	2,000	2026-02-23 00:00:00.000	VENDA	1	0,00	90,00	90,00	False	0,00	24,49
1675	524	38	20,00	2,000	2026-02-23 00:00:00.000	VENDA	2	0,00	40,00	40,00	False	0,00	11,35
1676	529	535	100,00	2,000	2026-02-23 00:00:00.000	VENDA	1	0,00	200,00	200,00	False	0,00	54,30
1677	529	323	335,00	1,000	2026-02-23 00:00:00.000	VENDA	2	0,00	335,00	335,00	False	0,00	181,80
1678	529	347	117,00	2,000	2026-02-23 00:00:00.000	VENDA	3	0,00	234,00	234,00	False	0,00	63,83
1679	529	391	196,00	2,000	2026-02-23 00:00:00.000	VENDA	4	0,00	392,00	392,00	False	0,00	96,22
1680	530	285	135,00	1,000	2026-02-23 00:00:00.000	VENDA	1	0,00	135,00	135,00	False	0,00	72,54
1681	530	196	30,00	4,000	2026-02-23 00:00:00.000	VENDA	2	0,00	120,00	120,00	False	0,00	15,18
1682	516	320	90,00	1,000	2026-02-23 00:00:00.000	OFICINA	18	0,00	90,00	90,00	False	41,50	41,50
1683	516	71	97,00	1,000	2026-02-23 00:00:00.000	OFICINA	19	0,00	97,00	97,00	False	60,13	60,13
1684	516	358	145,00	1,000	2026-02-23 00:00:00.000	OFICINA	20	0,00	145,00	145,00	False	78,80	78,80
2387	739	109	100,00	2,000	2026-04-27 00:00:00.000	OFICINA	8	0,00	200,00	200,00	False	124,54	62,27
1686	532	197	27,00	4,000	2026-02-24 00:00:00.000	VENDA	1	0,00	108,00	108,00	False	0,00	15,37
1687	533	134	75,00	2,000	2026-02-24 00:00:00.000	VENDA	1	0,00	150,00	150,00	False	0,00	44,39
1688	533	32	30,00	4,000	2026-02-24 00:00:00.000	VENDA	2	0,00	120,00	120,00	False	0,00	17,26
1689	516	423	50,00	1,000	2026-02-24 00:00:00.000	OFICINA	21	0,00	50,00	50,00	False	24,41	24,41
1690	534	632	434,99	1,000	2026-02-24 00:00:00.000	OFICINA	1	0,00	434,99	434,99	False	240,94	240,94
1691	534	160	40,00	2,000	2026-02-24 00:00:00.000	OFICINA	2	0,00	80,00	80,00	False	55,24	27,62
1692	516	84	165,00	1,000	2026-02-24 00:00:00.000	OFICINA	22	0,00	165,00	165,00	False	89,77	89,77
1623	509	625	105,00	1,000	2026-02-19 00:00:00.000	VENDA	4	0,00	105,00	105,00	False	0,00	57,51
1624	509	56	265,00	1,000	2026-02-19 00:00:00.000	VENDA	5	0,00	265,00	265,00	False	0,00	146,66
1625	509	561	78,00	7,000	2026-02-19 00:00:00.000	VENDA	6	0,00	546,00	546,00	False	0,00	59,90
1626	509	368	250,00	1,000	2026-02-19 00:00:00.000	VENDA	7	0,00	250,00	250,00	False	0,00	155,50
1627	509	419	265,01	1,000	2026-02-19 00:00:00.000	VENDA	8	0,00	265,01	265,01	False	0,00	142,86
1628	509	365	270,00	1,000	2026-02-19 00:00:00.000	VENDA	9	0,00	270,00	270,00	False	0,00	143,13
1629	510	559	48,00	4,000	2026-02-19 00:00:00.000	VENDA	1	0,00	192,00	192,00	False	0,00	32,67
1630	511	559	48,00	1,000	2026-02-19 00:00:00.000	VENDA	1	0,00	48,00	48,00	False	0,00	32,67
1693	534	220	40,00	3,000	2026-02-24 00:00:00.000	OFICINA	3	0,00	120,00	120,00	False	78,66	26,22
1694	534	612	20,00	1,000	2026-02-24 00:00:00.000	OFICINA	4	0,00	20,00	20,00	False	9,04	9,04
1695	534	2	19,00	1,000	2026-02-24 00:00:00.000	OFICINA	5	0,00	19,00	19,00	False	8,83	8,83
1696	534	337	22,00	1,000	2026-02-24 00:00:00.000	OFICINA	6	0,00	22,00	22,00	False	9,97	9,97
1697	534	341	30,00	1,000	2026-02-24 00:00:00.000	OFICINA	7	0,00	30,00	30,00	False	14,95	14,95
1698	516	197	27,00	4,000	2026-02-24 00:00:00.000	OFICINA	23	0,00	108,00	108,00	False	61,48	15,37
1699	534	306	35,00	1,000	2026-02-24 00:00:00.000	OFICINA	8	0,00	35,00	35,00	False	16,94	16,94
1700	534	445	220,00	1,000	2026-02-24 00:00:00.000	OFICINA	9	0,00	220,00	220,00	False	102,59	102,59
1701	326	447	250,00	1,000	2026-02-25 00:00:00.000	OFICINA	40	0,00	250,00	250,00	False	133,44	133,44
1702	326	448	190,00	2,000	2026-02-25 00:00:00.000	OFICINA	41	0,00	380,00	380,00	False	237,22	118,61
1703	326	391	163,00	2,000	2026-02-25 00:00:00.000	OFICINA	42	0,00	326,00	326,00	False	192,44	96,22
1704	326	69	240,00	1,000	2026-02-25 00:00:00.000	OFICINA	43	0,00	240,00	240,00	False	131,71	131,71
1705	326	221	55,00	4,000	2026-02-25 00:00:00.000	OFICINA	44	0,00	220,00	220,00	False	122,88	30,72
1706	457	203	185,00	1,000	2026-02-25 00:00:00.000	OFICINA	14	0,00	185,00	185,00	False	100,26	100,26
2415	740	222	80,00	2,000	2026-04-29 00:00:00.000	OFICINA	3	0,00	160,00	160,00	False	86,92	43,46
2416	740	843	850,00	1,000	2026-04-29 00:00:00.000	OFICINA	4	0,00	850,00	850,00	False	443,17	443,17
2417	748	399	80,00	2,000	2026-04-29 00:00:00.000	OFICINA	1	0,00	160,00	160,00	False	82,52	41,26
1713	534	195	495,50	1,000	2026-02-25 00:00:00.000	OFICINA	10	0,00	495,50	495,50	False	201,05	201,05
1714	536	52	120,00	1,000	2026-02-26 00:00:00.000	OFICINA	1	0,00	120,00	120,00	False	53,42	53,42
1715	536	114	55,00	4,000	2026-02-26 00:00:00.000	OFICINA	2	0,00	220,00	220,00	False	133,48	33,37
1716	536	117	100,00	1,000	2026-02-26 00:00:00.000	OFICINA	3	0,00	100,00	100,00	False	54,70	54,70
1717	536	398	40,00	2,000	2026-02-26 00:00:00.000	OFICINA	4	0,00	80,00	80,00	False	38,82	19,41
1718	536	348	5,00	1,000	2026-02-26 00:00:00.000	OFICINA	5	0,00	5,00	5,00	False	2,99	2,99
1719	536	222	80,00	2,000	2026-02-26 00:00:00.000	OFICINA	6	0,00	160,00	160,00	False	86,92	43,46
1788	543	453	60,00	2,000	2026-03-04 00:00:00.000	OFICINA	4	0,00	120,00	120,00	False	52,60	26,30
1721	516	32	30,00	4,000	2026-02-26 00:00:00.000	OFICINA	24	0,00	120,00	120,00	False	72,00	18,00
1722	536	602	125,00	2,000	2026-02-26 00:00:00.000	OFICINA	8	0,00	250,00	250,00	False	137,98	68,99
1733	543	639	220,00	1,000	2026-02-27 00:00:00.000	OFICINA	2	0,00	220,00	220,00	False	123,70	123,70
1734	543	638	299,99	2,000	2026-02-27 00:00:00.000	OFICINA	3	0,00	599,98	599,98	False	352,52	176,26
1725	538	293	220,00	2,000	2026-02-26 00:00:00.000	VENDA	1	0,00	440,00	440,00	False	0,00	98,68
1726	539	243	8,00	5,000	2026-02-26 00:00:00.000	VENDA	1	0,00	40,00	40,00	False	0,00	3,22
1727	539	30	172,90	1,000	2026-02-26 00:00:00.000	VENDA	2	0,00	172,90	172,90	False	0,00	123,50
1728	541	124	125,00	1,000	2026-02-26 00:00:00.000	OFICINA	1	0,00	125,00	125,00	False	69,98	69,98
1729	541	222	80,00	3,000	2026-02-26 00:00:00.000	OFICINA	2	0,00	240,00	240,00	False	130,38	43,46
1730	541	227	35,00	1,000	2026-02-26 00:00:00.000	OFICINA	3	0,00	35,00	35,00	False	21,08	21,08
1731	541	592	400,00	1,000	2026-02-26 00:00:00.000	OFICINA	4	0,00	400,00	400,00	False	158,96	158,96
2419	749	795	180,00	1,000	2026-04-29 00:00:00.000	OFICINA	1	0,00	180,00	180,00	False	97,11	97,11
2420	745	449	30,00	1,000	2026-04-29 00:00:00.000	OFICINA	1	0,00	30,00	30,00	False	16,21	16,21
1737	542	550	20,00	2,000	2026-02-27 00:00:00.000	VENDA	1	0,00	40,00	40,00	False	0,00	7,59
1738	542	481	60,00	1,000	2026-02-27 00:00:00.000	VENDA	2	0,00	60,00	60,00	False	0,00	31,75
1789	543	637	1150,00	1,000	2026-03-04 00:00:00.000	OFICINA	5	0,00	1150,00	1150,00	False	768,81	768,81
2421	745	114	55,00	4,000	2026-04-29 00:00:00.000	OFICINA	2	0,00	220,00	220,00	False	133,48	33,37
1771	552	85	220,00	1,000	2026-03-03 00:00:00.000	OFICINA	1	0,00	220,00	220,00	False	120,46	120,46
1742	548	450	449,99	2,000	2026-03-02 00:00:00.000	OFICINA	1	0,00	899,98	899,98	False	486,02	243,01
1743	548	445	220,00	1,000	2026-03-02 00:00:00.000	OFICINA	2	0,00	220,00	220,00	False	102,59	102,59
1744	548	183	250,00	1,000	2026-03-02 00:00:00.000	OFICINA	3	0,00	250,00	250,00	False	132,38	132,38
1745	548	182	249,99	1,000	2026-03-02 00:00:00.000	OFICINA	4	0,00	249,99	249,99	False	132,05	132,05
1746	548	348	5,00	1,000	2026-03-02 00:00:00.000	OFICINA	5	0,00	5,00	5,00	False	2,99	2,99
1747	548	2	19,00	1,000	2026-03-02 00:00:00.000	OFICINA	6	0,00	19,00	19,00	False	8,83	8,83
1748	548	220	40,00	3,000	2026-03-02 00:00:00.000	OFICINA	7	0,00	120,00	120,00	False	78,66	26,22
1749	548	71	97,00	1,000	2026-03-02 00:00:00.000	OFICINA	8	0,00	97,00	97,00	False	60,13	60,13
1750	548	131	20,00	1,000	2026-03-02 00:00:00.000	OFICINA	9	0,00	20,00	20,00	False	12,27	12,27
1751	548	135	40,00	1,000	2026-03-02 00:00:00.000	OFICINA	10	0,00	40,00	40,00	False	24,62	24,62
1752	548	144	27,00	1,000	2026-03-02 00:00:00.000	OFICINA	11	0,00	27,00	27,00	False	14,21	14,21
1753	548	160	40,00	2,000	2026-03-02 00:00:00.000	OFICINA	12	0,00	80,00	80,00	False	55,24	27,62
1756	549	457	420,00	2,000	2026-03-02 00:00:00.000	OFICINA	3	0,00	840,00	840,00	False	630,00	315,00
1755	549	452	350,00	1,000	2026-03-02 00:00:00.000	OFICINA	2	0,00	350,00	350,00	False	119,11	119,11
1757	548	466	150,00	1,000	2026-03-02 00:00:00.000	OFICINA	13	0,00	150,00	150,00	False	82,05	82,05
1758	548	145	550,00	1,000	2026-03-02 00:00:00.000	OFICINA	14	0,00	550,00	550,00	False	259,09	259,09
1759	550	159	40,00	1,000	2026-03-02 00:00:00.000	OFICINA	1	0,00	40,00	40,00	False	25,63	25,63
1760	548	398	40,00	2,000	2026-03-02 00:00:00.000	OFICINA	15	0,00	80,00	80,00	False	38,82	19,41
1761	548	141	110,00	1,000	2026-03-02 00:00:00.000	OFICINA	16	0,00	110,00	110,00	False	54,35	54,35
1762	548	142	120,00	1,000	2026-03-02 00:00:00.000	OFICINA	17	0,00	120,00	120,00	False	54,35	54,35
1763	548	369	100,00	1,000	2026-03-02 00:00:00.000	OFICINA	18	0,00	100,00	100,00	False	52,00	52,00
1764	548	469	45,00	1,000	2026-03-02 00:00:00.000	OFICINA	19	0,00	45,00	45,00	False	23,81	23,81
2372	731	81	280,00	2,000	2026-04-27 00:00:00.000	OFICINA	3	0,00	560,00	560,00	False	302,28	151,14
2373	731	818	75,00	2,000	2026-04-27 00:00:00.000	OFICINA	4	0,00	150,00	150,00	False	41,54	20,77
2462	718	562	50,00	4,000	2026-05-04 00:00:00.000	OFICINA	11	0,00	200,00	200,00	False	120,40	30,10
1772	552	49	200,00	1,000	2026-03-03 00:00:00.000	OFICINA	2	0,00	200,00	200,00	False	97,43	97,43
1773	552	60	60,00	7,000	2026-03-03 00:00:00.000	OFICINA	3	0,00	420,00	420,00	False	257,46	36,78
1774	552	62	195,00	1,000	2026-03-03 00:00:00.000	OFICINA	4	0,00	195,00	195,00	False	102,05	102,05
1777	554	218	30,00	6,000	2026-03-03 00:00:00.000	OFICINA	2	0,00	180,00	180,00	False	112,92	18,82
1792	555	398	40,00	2,000	2026-03-04 00:00:00.000	OFICINA	7	0,00	80,00	80,00	False	38,82	19,41
1779	555	315	470,01	1,000	2026-03-04 00:00:00.000	OFICINA	2	0,00	470,01	470,01	False	270,89	270,89
1780	555	348	5,00	1,000	2026-03-04 00:00:00.000	OFICINA	3	0,00	5,00	5,00	False	2,99	2,99
1781	555	445	220,00	1,000	2026-03-04 00:00:00.000	OFICINA	4	0,00	220,00	220,00	False	102,59	102,59
1782	556	491	22,00	1,000	2026-03-04 00:00:00.000	OFICINA	1	0,00	22,00	22,00	False	12,11	12,11
1783	556	612	20,00	1,000	2026-03-04 00:00:00.000	OFICINA	2	0,00	20,00	20,00	False	9,04	9,04
1784	556	496	20,00	1,000	2026-03-04 00:00:00.000	OFICINA	3	0,00	20,00	20,00	False	9,58	9,58
1785	556	177	40,00	4,000	2026-03-04 00:00:00.000	OFICINA	4	0,00	160,00	160,00	False	93,32	23,33
1786	556	356	0,50	2,000	2026-03-04 00:00:00.000	OFICINA	5	0,00	1,00	1,00	False	0,50	0,25
1793	558	457	420,00	3,000	2026-03-04 00:00:00.000	OFICINA	1	0,00	1260,00	1260,00	False	945,00	315,00
1790	557	147	40,00	3,000	2026-03-04 00:00:00.000	OFICINA	1	0,00	120,00	120,00	False	83,10	27,70
1791	555	147	40,00	2,000	2026-03-04 00:00:00.000	OFICINA	6	0,00	80,00	80,00	False	55,40	27,70
1826	560	45	80,00	2,000	2026-03-06 00:00:00.000	OFICINA	1	0,00	160,00	160,00	False	100,14	50,07
1827	560	49	185,00	1,000	2026-03-06 00:00:00.000	OFICINA	2	0,00	185,00	185,00	False	97,43	97,43
1804	561	645	160,55	1,000	2026-03-05 00:00:00.000	OFICINA	5	0,00	160,55	160,55	False	67,08	67,08
1828	560	60	55,00	7,000	2026-03-06 00:00:00.000	OFICINA	3	0,00	385,00	385,00	False	257,46	36,78
1805	561	424	47,00	1,000	2026-03-05 00:00:00.000	OFICINA	6	0,00	47,00	47,00	False	25,16	25,16
1808	564	650	600,00	1,000	2026-03-05 00:00:00.000	OFICINA	3	0,00	600,00	600,00	False	450,00	450,00
1829	560	62	180,00	1,000	2026-03-06 00:00:00.000	OFICINA	4	0,00	180,00	180,00	False	102,05	102,05
1830	560	109	100,00	2,000	2026-03-06 00:00:00.000	OFICINA	5	0,00	200,00	200,00	False	124,54	62,27
1831	560	124	115,00	2,000	2026-03-06 00:00:00.000	OFICINA	6	0,00	230,00	230,00	False	139,96	69,98
1832	560	154	430,00	2,000	2026-03-06 00:00:00.000	OFICINA	7	0,00	860,00	860,00	False	474,20	237,10
1837	560	209	340,00	1,000	2026-03-06 00:00:00.000	OFICINA	12	0,00	340,00	340,00	False	172,46	172,46
1834	560	227	30,00	2,000	2026-03-06 00:00:00.000	OFICINA	9	0,00	60,00	60,00	False	42,16	21,08
1835	560	366	260,00	2,000	2026-03-06 00:00:00.000	OFICINA	10	0,00	520,00	520,00	False	306,76	153,38
1836	560	592	370,00	1,000	2026-03-06 00:00:00.000	OFICINA	11	0,00	370,00	370,00	False	158,96	158,96
1821	565	489	70,00	1,000	2026-03-06 00:00:00.000	OFICINA	5	0,00	70,00	70,00	False	38,68	38,68
1818	565	60	60,00	8,000	2026-03-06 00:00:00.000	OFICINA	2	0,00	480,00	480,00	False	294,24	36,78
1838	567	572	80,00	1,000	2026-03-06 00:00:00.000	OFICINA	1	0,00	80,00	80,00	False	44,01	44,01
1839	568	49	185,00	1,000	2026-03-09 00:00:00.000	OFICINA	1	0,00	185,00	185,00	False	97,43	97,43
1822	565	2	19,00	1,000	2026-03-06 00:00:00.000	OFICINA	6	0,00	19,00	19,00	False	8,83	8,83
1823	565	492	25,00	1,000	2026-03-06 00:00:00.000	OFICINA	7	0,00	25,00	25,00	False	13,29	13,29
1824	565	493	75,87	1,000	2026-03-06 00:00:00.000	OFICINA	8	0,00	75,87	75,87	False	42,14	42,14
1825	566	513	20,00	1,000	2026-03-06 00:00:00.000	OFICINA	1	0,00	20,00	20,00	False	11,89	11,89
1840	568	62	180,00	1,000	2026-03-09 00:00:00.000	OFICINA	2	0,00	180,00	180,00	False	102,05	102,05
1841	568	60	55,00	8,000	2026-03-09 00:00:00.000	OFICINA	3	0,00	440,00	440,00	False	294,24	36,78
1846	568	348	5,00	2,000	2026-03-10 00:00:00.000	OFICINA	4	0,00	10,00	10,00	False	5,98	2,99
1847	574	202	60,00	4,000	2026-03-10 00:00:00.000	OFICINA	1	0,00	240,00	240,00	False	148,96	37,24
1848	574	651	120,00	2,000	2026-03-10 00:00:00.000	OFICINA	2	0,00	240,00	240,00	False	180,96	90,48
1849	574	71	97,00	1,000	2026-03-10 00:00:00.000	OFICINA	3	0,00	97,00	97,00	False	60,13	60,13
1850	574	131	20,00	1,000	2026-03-10 00:00:00.000	OFICINA	4	0,00	20,00	20,00	False	12,27	12,27
1851	574	348	5,00	1,000	2026-03-10 00:00:00.000	OFICINA	5	0,00	5,00	5,00	False	2,99	2,99
1852	575	114	55,00	1,000	2026-03-10 00:00:00.000	OFICINA	1	0,00	55,00	55,00	False	33,37	33,37
1853	578	348	5,00	1,000	2026-03-12 00:00:00.000	OFICINA	1	0,00	5,00	5,00	False	2,99	2,99
1842	572	509	2000,09	1,000	2026-03-09 00:00:00.000	OFICINA	1	0,00	2000,09	2000,09	False	988,97	988,97
1843	572	436	75,00	1,000	2026-03-09 00:00:00.000	OFICINA	2	0,00	75,00	75,00	False	40,18	40,18
1807	564	326	150,00	1,000	2026-03-05 00:00:00.000	OFICINA	2	0,00	150,00	150,00	False	46,57	46,57
1854	578	655	62,00	2,000	2026-03-12 00:00:00.000	OFICINA	2	0,00	124,00	124,00	False	66,96	33,48
1855	578	656	120,00	2,000	2026-03-12 00:00:00.000	OFICINA	3	0,00	240,00	240,00	False	102,94	51,47
1856	579	348	5,00	1,000	2026-03-12 00:00:00.000	OFICINA	1	0,00	5,00	5,00	False	2,99	2,99
1857	579	2	19,00	1,000	2026-03-12 00:00:00.000	OFICINA	2	0,00	19,00	19,00	False	8,83	8,83
1858	579	219	45,00	3,000	2026-03-12 00:00:00.000	OFICINA	3	0,00	135,00	135,00	False	88,83	29,61
1859	579	507	230,00	1,000	2026-03-12 00:00:00.000	OFICINA	4	0,00	230,00	230,00	False	116,18	116,18
1860	579	71	97,00	1,000	2026-03-12 00:00:00.000	OFICINA	5	0,00	97,00	97,00	False	60,13	60,13
1887	579	131	20,00	1,000	2026-03-12 00:00:00.000	OFICINA	10	0,00	20,00	20,00	False	12,27	12,27
1862	578	132	20,00	1,000	2026-03-12 00:00:00.000	OFICINA	4	0,00	20,00	20,00	False	9,07	9,07
1863	579	445	200,00	1,000	2026-03-12 00:00:00.000	OFICINA	7	0,00	200,00	200,00	False	102,59	102,59
1864	579	661	100,00	1,000	2026-03-12 00:00:00.000	OFICINA	8	0,00	100,00	100,00	False	52,33	52,33
1865	579	147	40,00	2,000	2026-03-12 00:00:00.000	OFICINA	9	0,00	80,00	80,00	False	55,40	27,70
1866	578	481	60,00	1,000	2026-03-12 00:00:00.000	OFICINA	5	0,00	60,00	60,00	False	32,31	32,31
1867	578	176	15,00	1,000	2026-03-12 00:00:00.000	OFICINA	6	0,00	15,00	15,00	False	5,23	5,23
1868	580	551	21,00	1,000	2026-03-12 00:00:00.000	VENDA	1	1,54	21,00	19,46	False	0,00	7,59
1869	580	236	25,76	1,000	2026-03-12 00:00:00.000	VENDA	2	1,89	25,76	23,87	False	0,00	14,31
1870	580	548	18,00	1,000	2026-03-12 00:00:00.000	VENDA	3	1,33	18,00	16,67	False	0,00	7,59
1871	581	654	200,00	1,000	2026-03-12 00:00:00.000	OFICINA	1	0,00	200,00	200,00	False	110,15	110,15
1872	581	652	374,01	1,000	2026-03-12 00:00:00.000	OFICINA	2	0,00	374,01	374,01	False	207,54	207,54
1873	581	659	215,00	4,000	2026-03-12 00:00:00.000	OFICINA	3	0,00	860,00	860,00	False	469,92	117,48
1874	581	403	500,01	1,000	2026-03-12 00:00:00.000	OFICINA	4	0,00	500,01	500,01	False	274,91	274,91
1875	581	395	645,00	1,000	2026-03-12 00:00:00.000	OFICINA	5	0,00	645,00	645,00	False	354,90	354,90
1876	581	194	80,00	1,000	2026-03-12 00:00:00.000	OFICINA	6	0,00	80,00	80,00	False	29,24	29,24
1877	582	348	5,00	1,000	2026-03-12 00:00:00.000	OFICINA	1	0,00	5,00	5,00	False	2,99	2,99
1878	582	270	4,00	1,000	2026-03-12 00:00:00.000	OFICINA	2	0,00	4,00	4,00	False	2,22	2,22
1879	582	2	19,00	1,000	2026-03-12 00:00:00.000	OFICINA	3	0,00	19,00	19,00	False	8,83	8,83
1880	582	220	40,00	3,000	2026-03-12 00:00:00.000	OFICINA	4	0,00	120,00	120,00	False	78,66	26,22
1881	582	71	97,00	1,000	2026-03-12 00:00:00.000	OFICINA	5	0,00	97,00	97,00	False	60,13	60,13
1882	582	643	220,00	1,000	2026-03-12 00:00:00.000	OFICINA	6	0,00	220,00	220,00	False	121,25	121,25
1883	582	194	80,00	1,000	2026-03-12 00:00:00.000	OFICINA	7	0,00	80,00	80,00	False	29,24	29,24
1884	582	74	150,00	1,000	2026-03-12 00:00:00.000	OFICINA	8	0,00	150,00	150,00	False	97,37	97,37
1885	582	404	60,00	1,000	2026-03-12 00:00:00.000	OFICINA	9	0,00	60,00	60,00	False	9,86	9,86
1886	582	358	145,00	1,000	2026-03-12 00:00:00.000	OFICINA	10	0,00	145,00	145,00	False	78,80	78,80
1888	582	662	60,00	1,000	2026-03-12 00:00:00.000	OFICINA	11	0,00	60,00	60,00	False	25,22	25,22
1889	582	160	40,00	2,000	2026-03-13 00:00:00.000	OFICINA	12	0,00	80,00	80,00	False	55,24	27,62
1890	581	664	230,00	1,000	2026-03-13 00:00:00.000	OFICINA	7	0,00	230,00	230,00	False	126,82	126,82
1891	581	663	335,00	1,000	2026-03-13 00:00:00.000	OFICINA	8	0,00	335,00	335,00	False	184,31	184,31
1892	581	135	40,00	1,000	2026-03-13 00:00:00.000	OFICINA	9	0,00	40,00	40,00	False	24,62	24,62
1893	581	131	20,00	1,000	2026-03-13 00:00:00.000	OFICINA	10	0,00	20,00	20,00	False	12,27	12,27
1894	581	271	0,25	1,000	2026-03-13 00:00:00.000	OFICINA	11	0,00	0,25	0,25	False	0,10	0,10
1895	584	58	98,00	1,000	2026-03-14 00:00:00.000	OFICINA	1	0,00	98,00	98,00	False	43,09	43,09
1896	584	559	48,00	4,000	2026-03-14 00:00:00.000	OFICINA	2	0,00	192,00	192,00	False	129,56	32,39
1897	587	285	135,00	1,000	2026-03-16 00:00:00.000	OFICINA	1	0,00	135,00	135,00	False	74,09	74,09
1898	587	196	30,00	4,000	2026-03-16 00:00:00.000	OFICINA	2	0,00	120,00	120,00	False	62,16	15,54
2015	581	246	10,00	1,000	2026-03-21 00:00:00.000	OFICINA	16	0,00	10,00	10,00	False	3,81	3,81
1900	581	348	5,00	1,000	2026-03-16 00:00:00.000	OFICINA	13	0,00	5,00	5,00	False	2,99	2,99
1901	588	225	120,00	2,000	2026-03-16 00:00:00.000	OFICINA	1	0,00	240,00	240,00	False	152,08	76,04
1902	588	51	242,00	1,000	2026-03-16 00:00:00.000	OFICINA	2	0,00	242,00	242,00	False	138,42	138,42
1903	588	348	5,00	1,000	2026-03-16 00:00:00.000	OFICINA	3	0,00	5,00	5,00	False	2,99	2,99
1980	602	677	507,00	2,000	2026-03-20 00:00:00.000	OFICINA	1	0,00	1014,00	1014,00	False	565,50	282,75
1905	589	2	19,00	1,000	2026-03-16 00:00:00.000	OFICINA	2	0,00	19,00	19,00	False	8,83	8,83
1981	602	690	77,00	1,000	2026-03-20 00:00:00.000	OFICINA	2	0,00	77,00	77,00	False	42,20	42,20
1907	589	612	17,00	1,000	2026-03-16 00:00:00.000	OFICINA	4	0,00	17,00	17,00	False	9,04	9,04
1910	589	476	45,00	1,000	2026-03-16 00:00:00.000	OFICINA	7	0,00	45,00	45,00	False	23,35	23,35
1909	589	348	5,00	1,000	2026-03-16 00:00:00.000	OFICINA	6	0,00	5,00	5,00	False	2,99	2,99
1982	602	691	77,00	1,000	2026-03-20 00:00:00.000	OFICINA	3	0,00	77,00	77,00	False	42,20	42,20
1912	589	362	215,00	1,000	2026-03-16 00:00:00.000	OFICINA	9	0,00	215,00	215,00	False	124,43	124,43
1913	589	398	35,00	1,000	2026-03-16 00:00:00.000	OFICINA	10	0,00	35,00	35,00	False	19,41	19,41
1914	589	141	110,00	1,000	2026-03-16 00:00:00.000	OFICINA	11	0,00	110,00	110,00	False	54,35	54,35
1844	572	437	67,00	1,000	2026-03-09 00:00:00.000	OFICINA	3	0,00	67,00	67,00	False	37,15	37,15
1845	572	348	5,00	1,000	2026-03-09 00:00:00.000	OFICINA	4	0,00	5,00	5,00	False	2,99	2,99
1917	589	293	220,00	2,000	2026-03-16 00:00:00.000	OFICINA	12	0,00	440,00	440,00	False	197,36	98,68
1916	590	640	340,00	2,000	2026-03-16 00:00:00.000	VENDA	1	0,00	680,00	680,00	False	0,00	197,36
1983	602	685	125,00	2,000	2026-03-20 00:00:00.000	OFICINA	4	0,00	250,00	250,00	False	135,34	67,67
1979	589	486	118,00	1,000	2026-03-18 00:00:00.000	OFICINA	28	0,00	118,00	118,00	False	61,83	61,83
1920	589	481	60,00	1,000	2026-03-16 00:00:00.000	OFICINA	15	0,00	60,00	60,00	False	32,31	32,31
1921	593	667	22,00	2,000	2026-03-17 00:00:00.000	OFICINA	1	0,00	44,00	44,00	False	20,00	10,00
1922	593	668	35,00	1,000	2026-03-17 00:00:00.000	OFICINA	2	0,00	35,00	35,00	False	18,00	18,00
1923	593	669	290,00	2,000	2026-03-17 00:00:00.000	OFICINA	3	0,00	580,00	580,00	False	370,00	185,00
1924	593	670	55,00	1,000	2026-03-17 00:00:00.000	OFICINA	4	0,00	55,00	55,00	False	25,00	25,00
1925	593	671	22,00	1,000	2026-03-17 00:00:00.000	OFICINA	5	0,00	22,00	22,00	False	10,00	10,00
1926	593	348	5,00	3,000	2026-03-17 00:00:00.000	OFICINA	6	0,00	15,00	15,00	False	8,97	2,99
1927	593	672	0,35	34,000	2026-03-17 00:00:00.000	OFICINA	7	0,00	11,90	11,90	False	1,70	0,05
1928	593	673	60,00	1,000	2026-03-17 00:00:00.000	OFICINA	8	0,00	60,00	60,00	False	25,45	25,45
1929	594	674	550,00	1,000	2026-03-17 00:00:00.000	OFICINA	1	0,00	550,00	550,00	False	353,00	353,00
1930	594	675	180,00	1,000	2026-03-17 00:00:00.000	OFICINA	2	0,00	180,00	180,00	False	98,50	98,50
1931	588	248	5,00	1,000	2026-03-17 00:00:00.000	OFICINA	4	0,00	5,00	5,00	False	1,62	1,62
1932	588	533	399,99	1,000	2026-03-17 00:00:00.000	OFICINA	5	0,00	399,99	399,99	False	221,21	221,21
1933	595	412	185,00	1,000	2026-03-17 00:00:00.000	OFICINA	1	0,00	185,00	185,00	False	103,23	103,23
1934	595	171	75,00	1,000	2026-03-17 00:00:00.000	OFICINA	2	0,00	75,00	75,00	False	31,84	31,84
1935	597	167	180,00	1,000	2026-03-18 00:00:00.000	OFICINA	1	0,00	180,00	180,00	False	98,96	98,96
1984	602	681	115,00	2,000	2026-03-20 00:00:00.000	OFICINA	5	0,00	230,00	230,00	False	126,84	63,42
1937	589	349	118,00	2,000	2026-03-18 00:00:00.000	OFICINA	17	0,00	236,00	236,00	False	127,98	63,99
1938	597	339	22,00	1,000	2026-03-18 00:00:00.000	OFICINA	2	0,00	22,00	22,00	False	11,64	11,64
1939	597	220	40,00	3,000	2026-03-18 00:00:00.000	OFICINA	3	0,00	120,00	120,00	False	78,66	26,22
1940	581	72	105,00	1,000	2026-03-18 00:00:00.000	OFICINA	14	0,00	105,00	105,00	False	54,18	54,18
1941	597	348	5,00	1,000	2026-03-18 00:00:00.000	OFICINA	4	0,00	5,00	5,00	False	2,99	2,99
1942	597	243	8,00	1,000	2026-03-18 00:00:00.000	OFICINA	5	0,00	8,00	8,00	False	3,22	3,22
1943	598	612	17,00	1,000	2026-03-18 00:00:00.000	OFICINA	1	0,00	17,00	17,00	False	9,04	9,04
1944	598	341	30,00	1,000	2026-03-18 00:00:00.000	OFICINA	2	0,00	30,00	30,00	False	14,95	14,95
1945	598	409	25,00	1,000	2026-03-18 00:00:00.000	OFICINA	3	0,00	25,00	25,00	False	11,48	11,48
1946	598	2	19,00	1,000	2026-03-18 00:00:00.000	OFICINA	4	0,00	19,00	19,00	False	8,83	8,83
1947	598	220	40,00	3,000	2026-03-18 00:00:00.000	OFICINA	5	0,00	120,00	120,00	False	78,66	26,22
1999	605	453	60,00	2,000	2026-03-20 00:00:00.000	OFICINA	1	0,00	120,00	120,00	False	52,60	26,30
1986	603	144	27,00	1,000	2026-03-20 00:00:00.000	OFICINA	1	0,00	27,00	27,00	False	14,21	14,21
1950	589	341	30,00	1,000	2026-03-18 00:00:00.000	OFICINA	20	0,00	30,00	30,00	False	14,95	14,95
1951	589	409	25,00	1,000	2026-03-18 00:00:00.000	OFICINA	21	0,00	25,00	25,00	False	11,48	11,48
1952	589	220	40,00	3,000	2026-03-18 00:00:00.000	OFICINA	22	0,00	120,00	120,00	False	78,66	26,22
1953	599	49	185,00	1,000	2026-03-18 00:00:00.000	OFICINA	1	0,00	185,00	185,00	False	97,43	97,43
1954	599	62	180,00	1,000	2026-03-18 00:00:00.000	OFICINA	2	0,00	180,00	180,00	False	102,05	102,05
1955	599	60	55,00	8,000	2026-03-18 00:00:00.000	OFICINA	3	0,00	440,00	440,00	False	294,24	36,78
1956	600	592	370,00	1,000	2026-03-18 00:00:00.000	OFICINA	1	0,00	370,00	370,00	False	158,96	158,96
1957	600	124	125,00	2,000	2026-03-18 00:00:00.000	OFICINA	2	0,00	250,00	250,00	False	139,96	69,98
1958	600	420	260,00	1,000	2026-03-18 00:00:00.000	OFICINA	3	0,00	260,00	260,00	False	109,53	109,53
1959	600	49	185,00	1,000	2026-03-18 00:00:00.000	OFICINA	4	0,00	185,00	185,00	False	97,43	97,43
1960	600	60	55,00	8,000	2026-03-18 00:00:00.000	OFICINA	5	0,00	440,00	440,00	False	294,24	36,78
1961	600	227	30,00	2,000	2026-03-18 00:00:00.000	OFICINA	6	0,00	60,00	60,00	False	42,16	21,08
1962	600	348	5,00	1,000	2026-03-18 00:00:00.000	OFICINA	7	0,00	5,00	5,00	False	2,99	2,99
1963	600	62	180,00	1,000	2026-03-18 00:00:00.000	OFICINA	8	0,00	180,00	180,00	False	102,05	102,05
1964	600	155	330,00	2,000	2026-03-18 00:00:00.000	OFICINA	9	0,00	660,00	660,00	False	299,78	149,89
1965	599	209	340,00	1,000	2026-03-18 00:00:00.000	OFICINA	4	0,00	340,00	340,00	False	172,46	172,46
2009	608	676	330,01	1,000	2026-03-21 00:00:00.000	OFICINA	1	0,00	330,01	330,01	False	150,82	150,82
1973	601	219	45,00	3,000	2026-03-18 00:00:00.000	OFICINA	1	0,00	135,00	135,00	False	88,83	29,61
1978	601	486	118,00	1,000	2026-03-18 00:00:00.000	OFICINA	6	0,00	118,00	118,00	False	61,83	61,83
1975	601	409	25,00	1,000	2026-03-18 00:00:00.000	OFICINA	3	0,00	25,00	25,00	False	11,48	11,48
1976	601	476	45,00	1,000	2026-03-18 00:00:00.000	OFICINA	4	0,00	45,00	45,00	False	23,35	23,35
1977	601	341	30,00	1,000	2026-03-18 00:00:00.000	OFICINA	5	0,00	30,00	30,00	False	14,95	14,95
1988	603	160	40,00	2,000	2026-03-20 00:00:00.000	OFICINA	3	0,00	80,00	80,00	False	55,24	27,62
1989	603	695	85,00	1,000	2026-03-20 00:00:00.000	OFICINA	4	0,00	85,00	85,00	False	40,00	40,00
1990	603	356	0,50	1,000	2026-03-20 00:00:00.000	OFICINA	5	0,00	0,50	0,50	False	0,25	0,25
1991	603	243	8,00	1,000	2026-03-20 00:00:00.000	OFICINA	6	0,00	8,00	8,00	False	3,22	3,22
1992	602	692	75,00	2,000	2026-03-20 00:00:00.000	OFICINA	7	0,00	150,00	150,00	False	81,32	40,66
1993	602	693	105,00	2,000	2026-03-20 00:00:00.000	OFICINA	8	0,00	210,00	210,00	False	115,02	57,51
1994	602	694	314,00	2,000	2026-03-20 00:00:00.000	OFICINA	9	0,00	628,00	628,00	False	348,12	174,06
1995	602	696	230,00	2,000	2026-03-20 00:00:00.000	OFICINA	10	0,00	460,00	460,00	False	252,76	126,38
1996	602	698	825,02	1,000	2026-03-20 00:00:00.000	OFICINA	11	0,00	825,02	825,02	False	457,38	457,38
1997	602	697	825,02	1,000	2026-03-20 00:00:00.000	OFICINA	12	0,00	825,02	825,02	False	457,38	457,38
1998	602	557	200,00	1,000	2026-03-20 00:00:00.000	OFICINA	13	0,00	200,00	200,00	False	106,97	106,97
2000	605	412	185,00	1,000	2026-03-20 00:00:00.000	OFICINA	2	0,00	185,00	185,00	False	103,23	103,23
2005	605	17	50,00	2,000	2026-03-20 00:00:00.000	OFICINA	7	0,00	100,00	100,00	False	52,04	26,02
2006	605	362	215,00	2,000	2026-03-20 00:00:00.000	OFICINA	8	0,00	430,00	430,00	False	248,86	124,43
2003	605	144	27,00	1,000	2026-03-20 00:00:00.000	OFICINA	5	0,00	27,00	27,00	False	14,21	14,21
2004	605	160	40,00	2,000	2026-03-20 00:00:00.000	OFICINA	6	0,00	80,00	80,00	False	55,24	27,62
2007	603	700	11,60	3,000	2026-03-20 00:00:00.000	OFICINA	7	0,00	34,80	34,80	False	16,50	5,50
2008	606	606	1458,00	1,000	2026-03-20 00:00:00.000	OFICINA	1	0,00	1458,00	1458,00	False	820,00	820,00
2010	608	72	105,00	1,000	2026-03-21 00:00:00.000	OFICINA	2	0,00	105,00	105,00	False	54,18	54,18
2011	608	316	255,00	1,000	2026-03-21 00:00:00.000	OFICINA	3	0,00	255,00	255,00	False	144,19	144,19
2012	608	499	97,00	1,000	2026-03-21 00:00:00.000	OFICINA	4	0,00	97,00	97,00	False	53,36	53,36
2013	608	177	40,00	4,000	2026-03-21 00:00:00.000	OFICINA	5	0,00	160,00	160,00	False	93,32	23,33
2014	581	71	97,00	2,000	2026-03-21 00:00:00.000	OFICINA	15	0,00	194,00	194,00	False	120,26	60,13
2016	581	198	30,00	4,000	2026-03-21 00:00:00.000	OFICINA	17	0,00	120,00	120,00	False	57,80	14,45
2017	608	135	40,00	1,000	2026-03-21 00:00:00.000	OFICINA	6	0,00	40,00	40,00	False	24,62	24,62
2018	608	131	20,00	1,000	2026-03-21 00:00:00.000	OFICINA	7	0,00	20,00	20,00	False	12,27	12,27
2019	608	132	20,00	1,000	2026-03-21 00:00:00.000	OFICINA	8	0,00	20,00	20,00	False	9,07	9,07
2020	608	32	30,00	4,000	2026-03-21 00:00:00.000	OFICINA	9	0,00	120,00	120,00	False	72,00	18,00
2021	608	683	85,00	1,000	2026-03-21 00:00:00.000	OFICINA	10	0,00	85,00	85,00	False	46,86	46,86
2022	608	491	22,00	1,000	2026-03-21 00:00:00.000	OFICINA	11	0,00	22,00	22,00	False	12,11	12,11
2023	608	701	85,00	1,000	2026-03-21 00:00:00.000	OFICINA	12	0,00	85,00	85,00	False	45,00	45,00
2024	581	702	25,00	1,000	2026-03-21 00:00:00.000	OFICINA	18	0,00	25,00	25,00	False	11,00	11,00
2025	610	398	35,00	2,000	2026-03-23 00:00:00.000	OFICINA	1	0,00	70,00	70,00	False	38,82	19,41
2026	610	141	110,00	1,000	2026-03-23 00:00:00.000	OFICINA	2	0,00	110,00	110,00	False	54,35	54,35
2027	610	142	120,00	1,000	2026-03-23 00:00:00.000	OFICINA	3	0,00	120,00	120,00	False	54,35	54,35
2028	610	33	20,00	1,000	2026-03-23 00:00:00.000	OFICINA	4	0,00	20,00	20,00	False	10,72	10,72
2029	610	183	240,00	1,000	2026-03-23 00:00:00.000	OFICINA	5	0,00	240,00	240,00	False	132,38	132,38
2030	610	450	450,01	1,000	2026-03-23 00:00:00.000	OFICINA	6	0,00	450,01	450,01	False	243,01	243,01
2031	581	159	40,00	1,000	2026-03-23 00:00:00.000	OFICINA	19	0,00	40,00	40,00	False	25,63	25,63
2032	581	262	0,60	7,000	2026-03-23 00:00:00.000	OFICINA	20	0,00	4,20	4,20	False	2,31	0,33
2033	611	545	5,00	2,000	2026-03-24 00:00:00.000	OFICINA	1	0,00	10,00	10,00	False	50,00	25,00
2034	611	546	0,80	2,000	2026-03-24 00:00:00.000	OFICINA	2	0,00	1,60	1,60	False	1,02	0,51
2035	611	588	0,60	2,000	2026-03-24 00:00:00.000	OFICINA	3	0,00	1,20	1,20	False	0,66	0,33
2036	611	160	40,00	2,000	2026-03-24 00:00:00.000	OFICINA	4	0,00	80,00	80,00	False	55,24	27,62
2037	611	449	30,00	1,000	2026-03-24 00:00:00.000	OFICINA	5	0,00	30,00	30,00	False	16,21	16,21
2038	611	432	110,00	1,000	2026-03-24 00:00:00.000	OFICINA	6	0,00	110,00	110,00	False	72,77	72,77
2039	611	453	60,00	1,000	2026-03-24 00:00:00.000	OFICINA	7	0,00	60,00	60,00	False	26,30	26,30
2040	611	381	230,00	1,000	2026-03-24 00:00:00.000	OFICINA	8	0,00	230,00	230,00	False	127,52	127,52
2041	611	144	27,00	1,000	2026-03-24 00:00:00.000	OFICINA	9	0,00	27,00	27,00	False	14,21	14,21
2042	612	641	130,00	1,000	2026-03-24 00:00:00.000	OFICINA	1	0,00	130,00	130,00	False	74,52	74,52
2043	612	111	1100,02	1,000	2026-03-24 00:00:00.000	OFICINA	2	0,00	1100,02	1100,02	False	585,71	585,71
2044	612	114	55,00	4,000	2026-03-24 00:00:00.000	OFICINA	3	0,00	220,00	220,00	False	133,48	33,37
2045	615	557	200,00	1,000	2026-03-25 00:00:00.000	OFICINA	1	0,00	200,00	200,00	False	106,97	106,97
2046	608	588	0,60	4,000	2026-03-25 00:00:00.000	OFICINA	13	0,00	2,40	2,40	False	1,32	0,33
2047	617	710	1296,00	1,000	2026-03-25 00:00:00.000	OFICINA	1	0,00	1296,00	1296,00	False	720,00	720,00
2048	617	711	678,60	1,000	2026-03-25 00:00:00.000	OFICINA	2	0,00	678,60	678,60	False	377,00	377,00
2049	617	712	666,00	1,000	2026-03-25 00:00:00.000	OFICINA	3	0,00	666,00	666,00	False	370,00	370,00
2050	617	713	40,75	1,000	2026-03-25 00:00:00.000	OFICINA	4	0,00	40,75	40,75	False	22,64	22,64
2051	617	559	48,00	5,000	2026-03-25 00:00:00.000	OFICINA	5	0,00	240,00	240,00	False	161,95	32,39
2052	618	465	110,00	1,000	2026-03-26 00:00:00.000	OFICINA	1	0,00	110,00	110,00	False	61,08	61,08
2053	618	144	27,00	1,000	2026-03-26 00:00:00.000	OFICINA	2	0,00	27,00	27,00	False	14,21	14,21
2054	618	160	40,00	1,000	2026-03-26 00:00:00.000	OFICINA	3	0,00	40,00	40,00	False	27,62	27,62
2121	627	243	8,00	1,000	2026-04-02 00:00:00.000	OFICINA	12	0,00	8,00	8,00	False	3,22	3,22
2056	608	714	20,00	10,000	2026-03-27 00:00:00.000	OFICINA	15	0,00	200,00	200,00	False	100,00	10,00
2376	731	612	17,00	1,000	2026-04-27 00:00:00.000	OFICINA	7	0,00	17,00	17,00	False	9,04	9,04
2377	731	219	45,00	3,000	2026-04-27 00:00:00.000	OFICINA	8	0,00	135,00	135,00	False	88,83	29,61
2060	625	195	495,50	1,000	2026-03-28 00:00:00.000	OFICINA	1	0,00	495,50	495,50	False	201,05	201,05
2061	625	719	80,00	1,000	2026-03-28 00:00:00.000	OFICINA	2	0,00	80,00	80,00	False	45,00	45,00
2062	625	228	30,00	3,000	2026-03-28 00:00:00.000	OFICINA	3	0,00	90,00	90,00	False	53,07	17,69
2063	626	219	45,00	3,000	2026-03-30 00:00:00.000	OFICINA	1	0,00	135,00	135,00	False	88,83	29,61
2064	626	341	30,00	1,000	2026-03-30 00:00:00.000	OFICINA	2	0,00	30,00	30,00	False	14,95	14,95
2065	626	342	17,00	1,000	2026-03-30 00:00:00.000	OFICINA	3	0,00	17,00	17,00	False	9,17	9,17
2066	626	2	19,00	1,000	2026-03-30 00:00:00.000	OFICINA	4	0,00	19,00	19,00	False	8,83	8,83
2067	626	612	17,00	1,000	2026-03-30 00:00:00.000	OFICINA	5	0,00	17,00	17,00	False	9,04	9,04
2068	627	285	135,00	1,000	2026-03-30 00:00:00.000	OFICINA	1	0,00	135,00	135,00	False	74,09	74,09
2069	627	196	30,00	4,000	2026-03-30 00:00:00.000	OFICINA	2	0,00	120,00	120,00	False	62,16	15,54
2070	628	720	160,00	2,000	2026-03-30 00:00:00.000	OFICINA	1	0,00	320,00	320,00	False	169,00	84,50
2089	628	721	1150,00	1,000	2026-03-31 00:00:00.000	OFICINA	2	0,00	1150,00	1150,00	False	950,00	950,00
2072	626	412	185,00	1,000	2026-03-30 00:00:00.000	OFICINA	6	0,00	185,00	185,00	False	103,23	103,23
2084	630	228	30,00	6,000	2026-03-31 00:00:00.000	OFICINA	4	0,00	180,00	180,00	False	106,14	17,69
2074	630	159	40,00	2,000	2026-03-31 00:00:00.000	OFICINA	2	0,00	80,00	80,00	False	51,26	25,63
2075	630	678	100,00	1,000	2026-03-31 00:00:00.000	OFICINA	3	0,00	100,00	100,00	False	44,73	44,73
2080	631	676	350,00	1,000	2026-03-31 00:00:00.000	OFICINA	5	0,00	350,00	350,00	False	150,82	150,82
2077	631	683	100,00	1,000	2026-03-31 00:00:00.000	OFICINA	2	0,00	100,00	100,00	False	46,86	46,86
2078	631	498	60,00	1,000	2026-03-31 00:00:00.000	OFICINA	3	0,00	60,00	60,00	False	30,73	30,73
2079	631	468	480,00	1,000	2026-03-31 00:00:00.000	OFICINA	4	0,00	480,00	480,00	False	227,09	227,09
2081	631	228	30,00	3,000	2026-03-31 00:00:00.000	OFICINA	6	0,00	90,00	90,00	False	53,07	17,69
2082	631	219	45,00	4,000	2026-03-31 00:00:00.000	OFICINA	7	0,00	180,00	180,00	False	118,44	29,61
2083	631	707	26,00	1,000	2026-03-31 00:00:00.000	OFICINA	8	0,00	26,00	26,00	False	14,16	14,16
2120	627	176	15,00	1,000	2026-04-02 00:00:00.000	OFICINA	11	0,00	15,00	15,00	False	5,23	5,23
2086	633	301	10,00	2,000	2026-03-31 00:00:00.000	OFICINA	1	0,00	20,00	20,00	False	6,28	3,14
2087	633	228	30,00	3,000	2026-03-31 00:00:00.000	OFICINA	2	0,00	90,00	90,00	False	53,07	17,69
2088	633	173	60,00	1,000	2026-03-31 00:00:00.000	OFICINA	3	0,00	60,00	60,00	False	32,31	32,31
2090	634	196	30,00	1,000	2026-03-31 00:00:00.000	VENDA	1	0,00	30,00	30,00	False	0,00	15,18
2091	635	160	40,00	2,000	2026-04-01 00:00:00.000	OFICINA	1	0,00	80,00	80,00	False	55,24	27,62
2092	635	144	27,00	1,000	2026-04-01 00:00:00.000	OFICINA	2	0,00	27,00	27,00	False	14,21	14,21
2093	635	71	97,00	1,000	2026-04-01 00:00:00.000	OFICINA	3	0,00	97,00	97,00	False	60,13	60,13
2094	627	219	45,00	3,000	2026-04-01 00:00:00.000	OFICINA	3	0,00	135,00	135,00	False	88,83	29,61
2116	627	2	19,00	1,000	2026-04-02 00:00:00.000	OFICINA	9	0,00	19,00	19,00	False	8,83	8,83
2115	627	724	450,00	1,000	2026-04-02 00:00:00.000	OFICINA	8	0,00	450,00	450,00	False	250,00	250,00
2097	636	52	120,00	1,000	2026-04-01 00:00:00.000	OFICINA	1	0,00	120,00	120,00	False	53,42	53,42
2098	636	323	280,00	1,000	2026-04-01 00:00:00.000	OFICINA	2	0,00	280,00	280,00	False	181,80	181,80
2099	636	412	185,00	1,000	2026-04-01 00:00:00.000	OFICINA	3	0,00	185,00	185,00	False	103,23	103,23
2100	636	391	163,00	2,000	2026-04-01 00:00:00.000	OFICINA	4	0,00	326,00	326,00	False	192,44	96,22
2103	636	114	55,00	4,000	2026-04-01 00:00:00.000	OFICINA	7	0,00	220,00	220,00	False	133,48	33,37
2102	636	392	160,00	2,000	2026-04-01 00:00:00.000	OFICINA	6	0,00	320,00	320,00	False	131,64	65,82
2104	636	602	125,00	2,000	2026-04-01 00:00:00.000	OFICINA	8	0,00	250,00	250,00	False	137,98	68,99
2105	636	222	80,00	2,000	2026-04-01 00:00:00.000	OFICINA	9	0,00	160,00	160,00	False	86,92	43,46
2106	636	535	100,00	2,000	2026-04-01 00:00:00.000	OFICINA	10	0,00	200,00	200,00	False	108,60	54,30
2107	636	171	75,00	2,000	2026-04-01 00:00:00.000	OFICINA	11	0,00	150,00	150,00	False	63,68	31,84
2337	730	288	135,00	1,000	2026-04-24 00:00:00.000	OFICINA	7	0,00	135,00	135,00	False	74,09	74,09
2109	640	60	55,00	7,000	2026-04-02 00:00:00.000	OFICINA	1	0,00	385,00	385,00	False	257,46	36,78
2119	642	243	8,00	1,000	2026-04-02 00:00:00.000	OFICINA	1	0,00	8,00	8,00	False	3,22	3,22
2338	730	108	259,99	1,000	2026-04-24 00:00:00.000	OFICINA	8	0,00	259,99	259,99	False	146,13	146,13
2117	640	348	5,00	4,000	2026-04-02 00:00:00.000	OFICINA	4	0,00	20,00	20,00	False	11,96	2,99
2113	627	71	97,00	1,000	2026-04-02 00:00:00.000	OFICINA	6	0,00	97,00	97,00	False	60,13	60,13
2114	627	194	100,00	1,000	2026-04-02 00:00:00.000	OFICINA	7	0,00	100,00	100,00	False	29,24	29,24
2118	627	725	1300,00	1,000	2026-04-02 00:00:00.000	OFICINA	10	0,00	1300,00	1300,00	False	560,00	560,00
2413	709	348	5,00	1,000	2026-04-29 00:00:00.000	OFICINA	2	0,00	5,00	5,00	False	2,99	2,99
2340	730	81	280,00	2,000	2026-04-24 00:00:00.000	OFICINA	10	0,00	560,00	560,00	False	302,28	151,14
2341	732	32	30,00	1,000	2026-04-24 00:00:00.000	OFICINA	1	0,00	30,00	30,00	False	18,00	18,00
2342	730	509	2000,09	1,000	2026-04-24 00:00:00.000	OFICINA	11	0,00	2000,09	2000,09	False	988,97	988,97
2343	729	32	30,00	1,000	2026-04-24 00:00:00.000	OFICINA	2	0,00	30,00	30,00	False	18,00	18,00
2367	727	605	1090,05	1,000	2026-04-27 00:00:00.000	OFICINA	10	0,00	1090,05	1090,05	False	568,71	568,71
2345	733	736	250,01	1,000	2026-04-24 00:00:00.000	OFICINA	1	0,00	250,01	250,01	False	133,28	133,28
2368	727	60	54,00	8,000	2026-04-27 00:00:00.000	OFICINA	11	0,00	432,00	432,00	False	294,24	36,78
2369	727	348	5,00	2,000	2026-04-27 00:00:00.000	OFICINA	12	0,00	10,00	10,00	False	5,98	2,99
2431	731	150	900,00	1,000	2026-04-29 00:00:00.000	OFICINA	30	0,00	900,00	900,00	False	527,24	527,24
NULL	NULL	NULL	NULL	NULL	NULL	NULL	NULL	NULL	NULL	NULL	NULL	NULL	NULL